,ID,N0,Nmax,Rmax,H0,chisqr,RSS,TSS,Rsqrd,aic,bic
0,1,-4.694935417144596,-1.4004202435578679,0.017493854316362745,50257.95652631879,0.46351754920044297,0.4635175492004429,21.53540744930885,0.9784764903895367,-106.83123519043579,-101.50241714973498
0,2,-3.4921368026871624,-0.5723133598719592,0.04569010384948036,116331.75181610293,0.030268761329314144,0.030268761329314144,5.510476297897051,0.9945070517151365,-183.2356204555223,-177.9068024148215
0,3,-5.987202730723357,-0.7480183914523078,0.06024290518257569,0.043005037904670695,0.10031829348959842,0.10031829348959842,21.83487514151311,0.9954055934444584,-149.68512824644398,-144.35631020574317
0,4,-5.69336710925082,-0.8128781337428539,0.04283776606733625,0.026226675747641925,1.677474797056806,1.677474797056806,27.79511490192164,0.9396485748313697,-78.51723448061576,-72.91244495396714
0,5,-0.40761924138691774,-5.8280006024146385,0.3333006481670042,1.2224399270621689e-10,13.134926471789228,13.134926471789226,13.130425590286125,-0.0003427826061046524,-9.753364532383593,-4.720978380297664
0,6,-3.5583365315647972,-0.974326320057192,0.012212926155440895,35069.8646863758,0.2040325443960195,0.2040325443960195,15.540904047403107,0.986871256409944,-129.80704774714812,-124.47822970644731
0,7,-5.128699075858459,-1.4133805435987636,0.03164936453854428,0.0023664394735027905,0.25584101885164956,0.25584101885164956,16.989038909763334,0.9849408185942395,-123.47129961563877,-118.14248157493796
0,8,-5.617164210545706,-1.865666672632662,0.01863645219466825,28022.483873125002,0.517659890510842,0.517659890510842,27.57783669390571,0.9812291335155655,-103.73795764789377,-98.40913960719296
0,9,-3.607922854227711,-2.1294334540622173,0.011972169805384514,30396.350689193197,0.13017464466811,0.13017464466811,6.058293092591185,0.9785129833306838,-142.39031895327466,-137.06150091257385
0,10,-4.285404645281202,-2.2773780909847545,0.015823187907487712,127171.9548504056,0.17322294718883366,0.17322294718883363,7.9091817380562865,0.9780984995760884,-134.3906487433374,-129.0618307026366
0,11,-4.972658366851594,-1.561298780628971,0.025405542033536177,277473.2326972433,0.08250841452002541,0.0825084145200254,16.620497114226275,0.9950357432781356,-155.1576661913977,-149.8288481506969
0,12,-4.395788408367103,-1.365883739955507,0.01611076027758207,86174.1777357951,0.2333033945595696,0.2333033945595696,18.390469566409408,0.9873138968139398,-126.05336168125353,-120.72454364055272
0,13,-3.23960532358879,-0.9638430601899785,0.022621936170248658,0.1163970490946411,0.04748482067829633,0.04748482067829633,7.243937993719612,0.9934448885786343,-170.62739142796408,-165.29857338726327
0,14,-0.14177554115778446,-4.127480152498076,5.338440800528588e-11,1600.60581669688,4.588686701820116,4.588686701820117,4.588686694749135,-1.5409598042026573e-09,-42.64109816223261,-37.31228012153179
0,15,-6.26035979703548,24.838381935822046,0.003500294303429241,0.29461687100075507,5.1625255375140195,5.162525537514018,18.37645708694765,0.7190685063455005,-39.34180094465744,-34.012982903956626
0,16,-5.855294884622798,-0.8774554006798262,0.034684010912179764,0.06496257802050676,0.38079855924033124,0.38079855924033124,34.19831123287703,0.9888649893660759,-112.33529955313502,-107.0064815124342
0,17,15.046219729403953,-5.56653487924216,1.0066221496089058,27055.779700192285,8.555268564902873,8.555268564902875,8.555268564793543,-1.2779333147250327e-11,-23.030818293110265,-17.84747082909295
0,18,-2.5412576464590804,-3.0388807660419523,0.007409313829916497,4089.0753960740176,0.13188228073443523,0.1318822807344352,1.807395567183851,0.9270318666655112,-142.02540215852963,-136.69658411782882
0,19,-5.256950719917294,-1.8729720420543594,0.013262218282514837,11611.250041310917,0.38372408217121173,0.38372408217121173,26.678064498861715,0.9856164946978224,-112.12100886387867,-106.79219082317786
0,20,-4.914040684994565,5.577538620986334,0.00011238000673086113,3889.2643461238886,4.614097404404164,4.6140974044041645,4.627366574647145,0.002867542484246033,-42.486470720719964,-37.15765268001915
0,21,-35.51287607782882,-7.063324938581391,0.893941013701945,5910.737151596581,15.119738769388325,15.119738769388325,15.119738769354042,-2.2675195054944197e-12,12.134160004512326,13.34450037648851
0,22,-3.5842840799980507,-1.1613995724092279,0.00960063544310552,166923.96026984445,0.19209988366301112,0.19209988366301112,15.019890519144555,0.9872103006730869,-131.4944410997035,-126.16562305900268
0,23,-3.1578458080614666,-1.1467619529086328,0.03694056022979941,29586.692827191808,0.0642647369546555,0.0642647369546555,5.998491330556803,0.9892865166567324,-113.57459965603144,-109.39650990513775
0,24,-3.3696331676636015,-0.19266049753138512,0.5052041816513246,0.22597031803930623,0.1745765539864309,0.17457655398643093,23.081145871478814,0.9924364000401664,-134.17270028988239,-128.84388224918158
0,25,-5.393306043527028,-0.8563377151731012,0.2920836210901818,11208.5291267954,2.741721339355059,2.741721339355059,20.90418010399898,0.8688433927704935,-50.48727530960296,-45.45488915751703
0,26,-2.0169690709913812,-1.1775464424313937,0.9050933913343535,0.00681859263560658,5.09461680804791,5.094616808047909,22.12054194564551,0.7696884271386127,-34.3777141732558,-29.34532802116987
0,27,-4.810764814050075,-2.067569034329851,0.053032225144245215,72449.3038861809,1.5190134712843026,1.5190134712843026,15.696840428804736,0.903228074581378,-50.80558994777303,-46.441420134339765
0,28,-3.1980854815821504,-0.6400798676054018,0.04833199553236511,15596.84524980914,1.3041408764995577,1.3041408764995577,18.176108293873057,0.9282497190589931,-58.00884365509411,-53.46686679137751
0,29,-5.074680939846364,-1.581737477798748,0.1040103681576412,0.002775639249655404,1.1474211489907622,1.1474211489907622,26.385492736714454,0.9565131809195222,-60.95347722872344,-56.411500365006845
0,30,-4.469813102260428,-1.3770595360278315,0.10777512214567575,308765.71314783307,0.41776420519694674,0.41776420519694674,18.897247004352074,0.9778928536468442,-84.19164345089135,-79.64966658717475
0,31,-2.421626167129081,-1.5905576916131654,0.07305447386939101,0.09615839166129314,0.2897813194198915,0.2897813194198915,1.5286341009851472,0.8104312083361621,-81.94617413205447,-77.76808438116078
0,32,-8.332545863925947,-2.0148296488341995,1.428347275200231,646611.5361431271,2.8550538926636557,2.855053892663656,22.284244274625813,0.871880156334734,-46.24462763371665,-41.36912433424384
0,33,-5.436029270297432,-1.7007849208857182,0.23554200622745358,117054.07052417976,1.7985088614158231,1.7985088614158231,15.838015191555218,0.8864435448720378,-50.61633500747961,-46.074358143763014
0,34,-6.298583855467532,-1.6208282520289512,0.4263348064820174,2584423.2557699545,3.7052286368431875,3.7052286368431875,22.979491903045457,0.8387593314736373,-33.99223272092952,-29.450255857212923
0,35,-2.5381524088725715,-0.22012638901977444,0.49378207164219723,0.08263755451741961,0.13329012575616228,0.13329012575616228,20.757547872896293,0.9935787152426514,-167.3908170460331,-161.5278734348342
0,36,-4.241651516946367,-0.7013000909301658,0.15379044944171372,1971.0012718724654,1.7593585302126258,1.7593585302126256,21.215964717095975,0.9170738378540514,-58.348163843102725,-53.47266054362992
0,37,-6.580670906341259,-0.6614836954428333,0.1457389783495191,0.01738500688746769,1.234807900275581,1.234807900275581,31.75687016633497,0.961116826254982,-59.26531249851722,-54.72333563480062
0,38,-6.226274804467377,-0.9304459015267603,0.2626799183641493,0.08301803166699706,2.4819216598849576,2.4819216598849576,49.280360328652904,0.9496366982032414,-43.208605137773084,-38.666628274056485
0,39,-4.820180223295762,-0.6695169985480776,0.18000130987092144,49695.097101033825,1.9671068994816292,1.9671068994816292,21.461007397864385,0.9083404211641352,-48.55539762545638,-44.01342076173978
0,40,-3.1524155755741394,-2.0953041975737756,0.059624510578821344,0.10556100432494908,0.9799621284650666,0.9799621284650666,2.9880491791598214,0.6720394914180723,-56.36003959443224,-52.18194984353855
0,41,-5.5476445046529115,-1.5687306466964617,0.07439456105071596,0.001570343694337284,0.26508890623981224,0.26508890623981224,17.7019122957138,0.9850248435416777,-89.21211428226323,-84.84794446882997
0,42,-3.126871784316669,-0.3074444612890477,0.31668444469353485,70977.7527602107,1.8596243845441391,1.8596243845441391,32.10805256010572,0.9420823053325033,-83.05156413636747,-77.18862052516857
0,43,-5.620658749985437,-1.6541747694291953,0.0423056593250597,23976.728584201184,1.1621622916119805,1.1621622916119805,24.3233318100068,0.9522202673264581,-52.7790425890278,-48.60095283813411
0,44,-3.620836225282634,-1.0420634849150536,0.05513288202615585,2087.788173308621,2.7707022532960464,2.7707022532960464,18.81115131840496,0.8527095866490015,-40.67704835675485,-36.135071493038254
0,45,-4.596430698259906,-1.3293881500621256,0.130445063077963,240428.7693214695,0.7950414442437385,0.7950414442437383,15.248982723481188,0.9478626568958275,-24.571212212204635,-22.631585613052636
0,46,-3.3571164610578936,-0.14428294265426936,0.05689960627398771,126203.2762856024,0.38679840615238814,0.38679840615238814,21.87225807291858,0.9823155704882932,-56.31210466113039,-52.97925128490553
0,47,-4.23100232572331,-0.6843330582491208,0.09500742178953381,153960.29780858103,1.1996944776760463,1.199694477676046,24.001618597425203,0.9500161010889181,-29.889749179921886,-27.057548375513043
0,48,-4.911661191760456,-0.9411813740627958,0.14208785892685283,351458.6157381103,2.1710893443116217,2.1710893443116217,30.33677282405489,0.9284337408957981,-20.992317362856454,-18.160116558447612
0,49,-5.245019370248853,-1.466850114675678,0.23583510518244588,4.424283162052234e-11,0.5291947229016232,0.5291947229016232,24.10621256237642,0.9780473717498219,-37.856386075465565,-35.30015675700453
0,50,-4.089193860370489,-0.5100475902087523,0.31608536148594335,499596.22934966546,0.4326953066069023,0.4326953066069023,21.272570904450557,0.9796594728229875,-45.186575195086604,-42.35437439067776
0,51,-4.548777231535979,-1.727040928869677,0.26760878845455394,141413.49583391723,0.4539568249437112,0.45395682494371115,12.058770240474432,0.9623546335247324,-35.61113304817714,-33.35133561833099
0,52,-4.034498858109519,-1.2361103835553604,0.3333372766394198,1.0334355593499822e-10,0.14370826042526155,0.14370826042526155,12.401583116286066,0.9884121035937307,-45.098519842180124,-43.158893243028125
0,53,-3.6384936530525493,-1.9733882565294856,0.3371075342030676,3.390435587977131,1.0496934937607685,1.0496934937607687,5.507665098761002,0.8094122509378963,-24.71386490593465,-22.454067476088504
0,54,-4.4040314404898036,-1.866962749060913,0.39276153673861347,71308.22357244338,2.1574512535124595,2.1574512535124595,10.7065695889527,0.7984927631966666,-18.181816918093098,-15.625587599632064
0,55,-3.7913006368685056,-1.6180408003361857,0.25695748951617814,73026.4148403979,0.37374246490279067,0.3737424649027906,7.289825040219893,0.9487309417111173,-42.72543902847316,-40.169209710012126
0,56,-3.818439600085981,-0.7074276166625744,0.3332127938546423,3.77643760707258e-09,0.17115468807246526,0.17115468807246526,22.16044570745455,0.992276568335677,-64.60441992032216,-61.51406503136303
0,57,-2.82526621213231,-0.09718117415552212,0.9233317116467972,0.5934110761701876,0.034423689617862255,0.03442368961786226,13.025978089991288,0.9973573048119655,-90.26558435475658,-87.17522946579746
0,58,-4.041200623525753,-0.45658839740826507,0.6027809601638345,0.22952600237883614,0.48718260200383656,0.4871826020038365,25.440972090634517,0.9808504722119804,-47.86727993018566,-44.776925041226534
0,59,-6.520623540594559,-0.45092282539658,0.11643242195394721,0.056171452120326704,3.5813172948367047,3.5813172948367042,99.15469493876014,0.9638815156755957,-18.47720508183234,-15.144351705607477
0,60,-4.228204909512553,-0.6829338242203568,0.6482679387847432,0.10437279155638657,0.5379341790488008,0.5379341790488008,30.595435991284674,0.9824178292735546,-46.281724677123314,-43.19136978816419
0,61,-3.9948115819167165,-0.3125811484502002,0.5031651761660292,0.43468658364404567,0.06257907662226211,0.06257907662226211,21.0912009121439,0.9970329296618557,-74.19061745664511,-71.35841665223627
0,62,-4.213862872054724,-2.2335002360854253,0.32143572927527675,351674.21159409033,0.5030680564936278,0.5030680564936278,5.803295710638734,0.9133133857763973,-38.565220050578056,-36.00899073211702
0,63,-4.677384628037448,-1.5594903697240472,0.3071534207947657,0.028094354978718483,0.19300698861423396,0.19300698861423396,18.14362975223535,0.9893622725303653,-46.72971709085302,-44.46991966100688
0,64,-3.552909678120912,-0.1771267507285857,0.6870175891145027,6.06123395853368,0.015480256174832781,0.015480256174832781,12.9966278627141,0.9988089020984248,-103.05245735096734,-99.96210246200822
0,65,-5.251573886338844,-1.4519474110225887,0.3332921588720168,3.5598650693913214e-09,3.471393675362909,3.471393675362909,37.74295297375834,0.9080253821746148,-13.952410783392104,-11.120209978983263
0,66,-4.49339758086292,-0.9202716706694255,0.33454939202330936,264187.62581463176,0.8619684405038409,0.8619684405038409,22.634281033112035,0.9619175692286026,-38.73800549076734,-35.647650601808216
0,67,-4.820606562076475,-1.3815066809833776,0.3852260601509614,857031.9061287622,1.110782342675291,1.110782342675291,16.816114412803525,0.9339453624417803,-27.47589849067915,-24.919669172218114
0,68,-3.353220080108736,-0.09986095795258966,0.9056006187786534,1.2130221518112685,0.04891778702538745,0.048917787025387446,14.518464128261975,0.9966306500058665,-84.64324684846441,-81.55289195950529
0,69,-5.262269757742337,-0.6181174614107584,0.5233714482290146,698567.2311630357,0.6275613332031527,0.6275613332031527,33.79589696980241,0.9814308425142881,-43.816041485376225,-40.7256865964171
0,70,-4.355316937633887,-0.8252918277084188,0.7287193062543986,0.21969760906893243,1.3669587615794392,1.3669587615794392,18.545317003247217,0.9262908926636255,-24.57056515194612,-22.014335833485084
0,71,-5.532705286105489,-1.3339574655580084,0.33402567651531,0.0015902011490049883,45.977297239999295,45.977297239999295,98.29155508393704,0.532235529280857,24.801463029438587,27.63366383384743
0,72,-3.9929431394302357,-0.3375198300583662,0.4110183963549574,5301257.258733709,0.3781041167481637,0.37810411674816374,26.55058725186336,0.9857591053199162,-56.69858341162103,-53.36573003539617
0,73,-4.748832006180528,-1.77540876997283,0.3834122666919315,2708315.285072992,0.42615959161541983,0.42615959161541983,18.633926427660708,0.9771299090790218,-54.664630218229746,-51.331776842004885
0,74,-3.703916139515001,-1.5079314729580053,0.3910522759661217,0.7192983274308358,0.2782098962183998,0.2782098962183998,7.547062978531086,0.9631366669378782,-51.81144443367049,-48.979243629261646
0,75,-3.8716700592611826,-1.0435271050047106,0.36034473984775306,1006759.2592581845,0.31886393915474986,0.31886393915474975,15.599449716583859,0.9795592828626664,-54.649272199196076,-51.55891731023695
0,76,-4.0936648468673695,-1.5253651656057574,0.41969998822361565,65747.45268124493,3.2199945618811734,3.2199945618811734,14.472967002798384,0.7775166238368001,-17.6513448246667,-14.560989935707576
0,77,-3.679863016137123,-1.5947368471345942,0.27757867056363095,378831.5467714775,0.12601669630244194,0.12601669630244194,8.749907248850768,0.9855979391874133,-63.69086607362121,-60.858665269212366
0,78,-3.6269579756734878,-1.8223844230100859,0.27429231819580835,365.80328217618325,0.21816752692856659,0.21816752692856659,7.323522892967553,0.9702100300474157,-60.72129218251163,-57.630937293552506
0,79,-3.6000685350804265,-0.08945038759224702,1.953844004268079,6.069160550521419,0.09702967910512159,0.09702967910512159,23.926997852993797,0.9959447616578868,-86.01598243033027,-82.4544953987456
0,80,-4.0490654634331715,-0.4527445306783772,1.2034750137879193,1.6575565390582603,1.4604691445012026,1.460469144501203,30.75842377361443,0.9525180758529622,-37.20905275495245,-33.64756572336779
0,81,-3.7869705394013002,-1.5228374800199742,0.40124553786360995,1.742963895197434,3.173811913693249,3.17381191369325,12.52388049727847,0.7465791920976137,-17.88248576539434,-14.792130876435214
0,82,-4.386682803287949,-0.7963644165428428,0.9422059460148149,0.529562755686199,1.5526900337547918,1.5526900337547918,33.86345210758452,0.954148501197637,-32.684814999351595,-29.35196162312673
0,83,-0.6511273986471386,-0.684890444108564,1.5604298541192039,0.38504623553325756,3.810820235993621,3.8108202359936216,16.753035569949034,0.7725295681440963,-17.42127118185695,-14.088417805632087
0,84,-4.252136965403446,-2.196046271552089,0.46979886804220317,1.4779964677529138,0.2554705430030173,0.2554705430030173,6.76978332022242,0.9622631137632004,-53.090475529907344,-50.2582747254985
0,85,-4.924148981862865,-2.105704118095799,0.38170478478702075,1625010.103185822,0.6364124737829278,0.6364124737829278,14.474885648552512,0.9560333332342028,-39.39937874910922,-36.567177944700376
0,86,-4.321578232964665,-0.12995225603961527,1.643807427634437,17471772.834103413,0.04713067368888052,0.04713067368888052,13.372694063482601,0.9964756036842581,-92.09675799491619,-88.76390461869133
0,87,-5.003922667687012,-1.2388383769681655,0.4485460905325167,933322.5185046301,1.247460170834625,1.247460170834625,24.844579860562447,0.9497894439014118,-36.40576329285362,-33.07290991662876
0,88,-3.9664593861423416,-0.5858206155869192,0.436954290200227,1084161.554204514,0.20417788139265097,0.20417788139265097,21.155999108986002,0.9903489369449857,-67.17360970594217,-63.84075632971731
0,89,5.662238438891303,9.974922131459449,0.007393432082429818,0.0,5.601180178085631,5.601180178085632,30.061663283988786,0.8136769703934217,0.5759025370817747,2.1674836282752574
0,90,5.634027759911001,9.96725329081308,0.007595433643292848,0.0,5.093548831643809,5.093548831643809,29.90230314108893,0.8296603172133342,-0.46912515619975537,1.1224559349937273
0,91,6.781668775769159,10.15085449671087,0.005340950633500707,0.0,1.528969324886332,1.5289693248863323,15.846195044953356,0.9035118954077702,-13.706315490850624,-12.114734399657141
0,92,6.058842511901108,10.07745184684616,0.007661074908001053,0.0,6.126033385137078,6.126033385137078,27.656175530316418,0.7784931116588487,1.5611740387645732,3.152755129958056
0,93,6.705454145842598,9.86822314338497,0.006564260723867843,0.0,0.34133241998365477,0.3413324199836547,4.505929866162437,0.9242481729360876,-17.23471983650677,-16.916953669787425
0,94,6.398981689810092,9.890620005608504,0.010697954158205958,0.0,2.0426042220436273,2.0426042220436273,17.299222600539412,0.8819250859295876,-10.520366696082036,-8.928785604888553
0,95,6.705466640138141,9.976306748941235,0.011330937040242128,0.0,0.1236576491269992,0.1236576491269992,9.819979473224727,0.9874075450499499,-35.92823518806031,-34.717894816084126
0,96,6.593124237311759,9.860057691345238,0.009811650598260835,0.0,1.4578092948881898,1.4578092948881893,14.625708551555974,0.9003255609976517,-14.230564915716545,-12.638983824523063
0,97,6.028161587873358,9.899292905641902,0.010366474108829848,0.0,3.0233469280025154,3.0233469280025154,21.464027868101905,0.859143542554957,-6.206838808432309,-4.615257717238826
0,98,5.869256263472993,9.892883850703253,0.013274148510261208,0.0,4.285547462322603,4.285547462322602,23.07604580556737,0.8142858833601092,-2.369116630479235,-0.7775355392857524
0,99,6.648118268919737,9.82214787856777,0.018923574110637498,0.0,0.504661998591824,0.504661998591824,10.448523564853728,0.9517001617061588,-30.025276399620196,-28.085649800468197
0,100,6.414927243077409,9.73926001813929,0.015684426535137463,0.0,1.901041888685847,1.9010418886858471,13.347303000533007,0.8575710846895488,-14.110054617341508,-12.170428018189506
0,101,6.666150093568662,9.767675184990917,0.01722631355534343,0.0,0.8536182407503611,0.8536182407503611,10.91070914904655,0.9217632667969198,-27.401867377278926,-25.14206994743278
0,102,6.007863957766422,9.848635518211454,0.017488230489442813,0.0,1.66589331470461,1.6658933147046102,14.876954957808156,0.8880218889262504,-18.70964208327063,-16.449844653424485
0,103,6.558533478977108,9.794195909956528,0.018623401380233773,0.0,0.44514189144261235,0.4451418914426124,10.808572601713431,0.9588158485078736,-35.8660501230532,-33.606252693207054
0,104,8.03986626413762,9.31376260279571,0.008857813966788752,0.0,1.7222666496500543,1.7222666496500543,5.049384390952707,0.658915519932302,-18.27700549024566,-16.01720806039951
0,105,8.114978020794808,9.312612370728536,0.0058320025098634876,0.0,1.484080314923487,1.4840803149234867,5.012417669341807,0.7039192635520406,-20.212003216961538,-17.95220578711539
0,106,6.675704374848251,9.120592960800852,0.04568307284102047,0.0,0.8045457554616692,0.8045457554616692,4.388912568957447,0.8166867662955557,-28.171548363859806,-25.91175093401366
0,107,5.820044914494172,9.236331860677359,0.04526819447616215,0.0,1.3364878511656162,1.3364878511656162,8.867679992289593,0.849285511844396,-28.270075518754574,-25.43787471434573
0,108,7.024125389479944,9.274114319497368,0.033901272355572276,0.0,0.4777034437440077,0.47770344374400775,4.695495276365112,0.898263459842343,-30.684061592684216,-28.744434993532217
0,109,6.118651557637814,8.207996555292548,0.006284829728046226,0.0,6.243894797348448,6.243894797348448,11.624610152159908,0.4628727573983802,1.7707976922536979,3.3623787834471806
0,110,6.10472933154336,9.146682848077663,0.0036344350048715945,0.0,10.066835225094206,10.066835225094207,16.43945028175465,0.387641614983507,7.024862176876988,8.616443268070471
0,111,5.789635937707815,8.585522428394555,0.0069983358075078606,0.0,6.883045805291954,6.883045805291953,15.710941461280372,0.5618947583596294,2.8428258398379675,4.43440693103145
0,112,5.690773983205194,8.719290982368623,0.0053794798661328525,0.0,7.340515265779849,7.340515265779848,17.98326586698692,0.5918141165195516,2.1020286808648114,4.041655280016813
0,113,6.627408763878958,8.753844453211418,0.003475415994097064,0.0,4.239844995795916,4.239844995795916,9.079880498254562,0.5330505730101903,-4.484559265692184,-2.5449326665401824
0,114,-2.010191589551976,7.508431439917626,0.01691275934810177,0.012242492894039447,0.45391460328463723,0.45391460328463723,48.43632704250082,0.9906286328670969,-18.883636970155635,-18.094738660810755
0,115,-1.624087152271669,5.817229662031294,0.017388028053895166,0.033588413962908126,1.380311986053972,1.380311986053972,37.86010768563291,0.9635417839400977,-6.057055929692307,-5.739289762972964
0,116,-1.0500512137466746,7.436992920878663,0.03662146274491085,0.04022953445438837,3.3993400589517258,3.3993400589517258,117.18827628820712,0.9709924903188135,-11.816664239979062,-9.260434921518028
0,117,-1.7595385160409018,7.549396165296747,0.06503375829662983,0.013693412910160019,2.2574564436886537,2.2574564436886537,80.20081592950469,0.9718524504080741,-9.420222167948683,-7.828641076755201
0,118,-1.2582190448899184,6.948683984995995,0.09290200786805358,0.01739724880352589,1.0764976813533325,1.0764976813533325,40.03648522297004,0.9731120832571059,-11.111605240523247,-10.322706931178368
0,119,-0.14509023164018137,7.142104332794121,0.1679972450847318,0.020868451318462045,0.5610786541236956,0.5610786541236957,39.725656734402556,0.9858761641657695,-16.976068814747755,-16.187170505402875
0,120,-1.1818541153869473,7.343909376668504,0.014441367437967978,0.05062390286165219,0.4662788931224019,0.46627889312240195,48.68204335559524,0.990421953127224,-22.65556433774838,-21.445223965772197
0,121,-2.0692454501420614,6.074227330253299,0.022182415634190544,4307.103315970207,0.13409804110448878,0.13409804110448878,18.34854654793657,0.9926916259686209,-14.805661394507116,-15.638623517594896
0,122,-1.7005856610693275,7.42729847043131,0.03530305390377286,0.028812018787834237,1.8857465285120558,1.8857465285120558,89.97659364154113,0.9790418101842718,-17.098132522025402,-14.838335092179255
0,123,-0.5668056796510865,7.467586057148802,0.0602630236617796,0.006403311087067154,0.3122492008890771,0.3122492008890771,77.8399389959597,0.9959885734120978,-40.475739606366496,-38.21594217652035
0,124,-0.24550433786112685,8.095143200514338,0.08365154954890897,0.016399764810475448,0.7478325358910549,0.7478325358910549,75.39509356609148,0.9900811511662161,-25.305794300316137,-23.366167701164137
0,125,-0.43273478009934685,8.72698593364932,0.1499120671650107,0.04016420292485323,0.6038089365518479,0.6038089365518479,53.94873151270692,0.9888077268988312,-16.315498347748026,-15.526600038403148
0,126,-1.3112219732818589,3.223030030255795,0.013115159827740808,0.08818412409898646,1.9166809562504703,1.9166809562504705,16.84854080608659,0.8862405368921881,-8.5199007144566,-7.309560342480417
0,127,-3.663620146643566,5.630048159340998,0.028039369887081778,0.0009885049331497253,0.17156466882521462,0.17156466882521462,24.46577349696443,0.9929875640822677,-17.960936083665377,-18.177295487444123
0,128,-1.6905244779382504,7.333772151234251,0.022259109258155885,0.03798607390762321,3.582487503519314,3.582487503519314,65.04599335412207,0.9449237790248569,-8.755595544331786,-6.495798114485639
0,129,-1.4869325988213264,5.9717094226428475,0.05535008170136768,1166.2837371203614,0.8445993161349048,0.844599316134905,50.16583185527485,0.9831638530669337,-23.84559515154055,-21.90596855238855
0,130,-1.7206047079937266,7.371459139928863,0.09804600853026568,90978.95986384647,0.3453875195267767,0.3453875195267767,72.27690685472676,0.9952213295427682,-30.07081872122842,-28.479237630034937
0,131,-0.7327114984651639,8.234297033427694,0.15883593380180017,0.1163027700028878,0.1944255768242265,0.1944255768242265,57.164402903218374,0.9965988348176504,-26.514373644284277,-25.725475334939397
0,132,-1.7940850164176636,6.126395388359059,0.024863012368443682,0.031741351749753344,1.744956776165217,1.7449567761652165,62.49931756351849,0.9720803867275541,-12.25282036312323,-10.661239271929748
0,133,-2.008277910391602,7.045840912533325,0.03036964035232903,0.020481033691263528,0.8174025001370578,0.8174025001370578,45.98365184115997,0.9822240629569703,-7.032736587863223,-7.24909599164197
0,134,-3.521767573877148,6.287312591673075,0.04330607735738767,127.14730795544966,0.37831306326467795,0.37831306326467795,37.66938299553162,0.9899570146049498,-24.746183094380818,-23.535842722404634
0,135,-1.3541976157860134,7.488578443072108,0.06787208378854936,0.03664964242488167,1.4768293476463523,1.4768293476463525,105.68900671093952,0.9860266512705007,-20.275674705645702,-18.015877275799554
0,136,-0.4338420705404923,8.63267414883638,0.0975264074738913,0.1846898241358228,0.7488646860940297,0.7488646860940298,98.75671496923982,0.9924170757773051,-25.289243451931817,-23.349616852779818
0,137,-0.2665607958136443,8.409190647911037,0.17047312824051208,0.0635280692062885,0.2825217857702008,0.28252178577020076,67.39221199346805,0.9958077977052069,-23.15101771841195,-22.36211940906707
0,138,-0.9898920087494466,5.877449119147092,0.01923708200699914,0.044130929858198886,3.033573810160362,3.033573810160362,57.827372782241575,0.9475408675129721,-6.169692603122888,-4.578111511929405
0,139,-2.274117632190835,5.0092922158360125,0.026430879837172183,0.01281578858462229,0.9940503335507501,0.9940503335507501,27.136552141924145,0.9633685838808163,-5.6631430970153325,-5.8795025007940795
0,140,-2.6739955848219026,5.543872393486473,0.03571785961425511,0.005430268532757188,0.5753945971142074,0.5753945971142073,41.3424071046147,0.9860822182980734,-24.45653939548057,-22.864958304287086
0,141,-1.3543615427472744,6.148746303251746,0.062166930609753646,0.03291634247935438,1.6991696732059218,1.6991696732059218,71.65436205639776,0.9762865843133383,-18.452525492183348,-16.192728062337203
0,142,-0.29806251160732616,7.03744922921453,0.07749200697754555,19.886347251504873,0.22594639541998912,0.22594639541998918,60.046966724708525,0.99623717220462,-39.66836975246318,-37.72874315331118
0,143,-1.3362728154438765,6.814092472454298,0.16789556895007118,0.10444759250583213,0.020474751122163567,0.020474751122163567,36.8913566164852,0.9994449986934605,-39.74403476961921,-39.42626860289987
0,144,-1.6742087519140134,7.85808034050961,0.01954631565305598,0.016792615202360306,2.28758464053987,2.28758464053987,79.28354883483033,0.9711467930717185,-6.750885741821339,-5.540545369845155
0,145,-4.611323433929039,6.866267551124452,0.034752107773309726,614.9192469532064,0.22239255385602522,0.22239255385602522,12.50768561131797,0.9822195279952682,-11.770424003544743,-12.603386126632524
0,146,-1.439574600935251,14.632530321885554,0.02666602694797171,0.03985506870342026,8.978957616075103,8.978957616075103,94.26395842815899,0.9047466522115322,3.189147716449453,5.4489451462956
0,147,-2.6288566954529458,7.893931192933988,0.088622497183658,11463.88716275673,1.1611270022375937,1.1611270022375937,72.34665856460686,0.9839505095981635,-16.73354604247762,-15.141964951284137
0,148,-0.8052526112463442,8.45502415937183,0.12450780492173474,30658.172581203933,1.3303556793893467,1.3303556793893467,100.68153680266343,0.9867864980845807,-18.393523782334846,-16.453897183182846
0,149,-1.340069344712403,7.917098839262203,0.2310239455267622,0.0149642978425637,1.2345863850883305,1.2345863850883303,73.61631094715105,0.9832294450889473,-9.878397167899873,-9.089498858554995
0,150,-1.7875754870468397,6.630944362136316,0.019926776344151964,0.020445492049691705,0.819539246048326,0.8195392460483261,57.0981707317074,0.9856468388470941,-17.015980847030917,-15.805640475054734
0,151,-2.5258622778410325,7.053002412053397,0.029476724418664002,0.0016594455510947625,0.19833516522332337,0.19833516522332337,24.543426531826345,0.9919190107800907,-12.457338369731257,-13.290300492819037
0,152,-0.8559874562344086,7.3094586633160485,0.03267903772457914,0.03430148328462357,5.303470442552901,5.303470442552902,96.2743788038258,0.9449129611798425,-3.6556433592310107,-1.3958459293848637
0,153,-2.191254665192662,5.95899094327743,0.0665198708708774,0.01664036956691306,2.0395709386089265,2.0395709386089265,62.15209200872508,0.9671841948888446,-13.266006259173096,-11.326379660021095
0,154,-1.2670565347940668,7.633969437513907,0.11479528245588355,0.009449649037314822,1.4330818225765347,1.4330818225765347,66.75414931588352,0.9785319438976725,-11.427578469807827,-10.217238097831643
0,155,-1.7750492075624,6.4562015702228726,0.38552831530847875,2.351567601532878e-06,0.21777089080697323,0.21777089080697323,35.70134964306965,0.9939002056509298,-20.83002616095364,-20.5122599942343
0,156,-1.4334389384937378,5.965686260599644,0.01891859478357749,0.046339205583831644,0.9752186271206696,0.9752186271206696,48.412454462414765,0.9798560383283648,-15.276786931705082,-14.066446559728899
0,157,-2.8393746752155784,6.264466728250977,0.027077107416231927,0.0011080559737164375,0.03938289818966965,0.03938289818966965,21.720774016040142,0.9981868556727957,-22.15709849341406,-22.990060616501843
0,158,-0.43637429846186204,7.597369644793209,0.025191154842558294,0.058693087333532956,2.188365762046216,2.188365762046216,85.6256501428418,0.9744426377096634,-17.982632084209442,-15.426402765748408
0,159,-1.1496122007012888,6.332336380521703,0.055830061683907806,0.02606383442389082,0.8294842177082784,0.8294842177082784,56.98892744274128,0.9854448178807771,-24.062294147098626,-22.122667547946627
0,160,-1.2722710481747164,5.880370764225393,0.09058695758398039,0.03764534681719889,0.36597981772458266,0.36597981772458266,36.91569277308116,0.9900860639410388,-20.82161500539779,-20.03271669605291
0,161,-3.574916110755306,5.829605334331628,0.20696725049333065,3974.9813915078557,0.1677355808552805,0.1677355808552805,16.64769182828256,0.9899243941691475,-13.462755593236977,-14.295717716324758
0,162,-2.25585509470614,8.17253963861553,0.01894307496961578,0.018296428079925153,4.52235661928958,4.52235661928958,76.93444604919114,0.9412180518411996,1.8062779092895376,2.595176218634416
0,163,-2.3509249872004867,8.218642248812657,0.022743419330464754,0.006768022623355963,2.0017773015865212,2.0017773015865212,67.36411975419347,0.9702842209043797,-0.763122986229197,-0.9794823900079441
0,164,-1.3961460368150163,7.617980021249808,0.03150564006231038,0.023492214729636807,7.111248740094256,7.111248740094257,113.14764448494567,0.9371507133669017,0.15747053185497517,2.417267961701122
0,165,-1.4568510587243633,6.928139105164578,0.06142800366237666,0.034656313926619386,1.7617891691496392,1.7617891691496392,74.96430321063416,0.9764982919377057,-15.02292140461919,-13.083294805467188
0,166,-1.7590382973250245,7.385827491106368,0.11153924150131878,0.0007432639436817379,0.30820160957072484,0.30820160957072484,54.77538604316898,0.9943733557746571,-22.368031398624048,-21.579133089279168
0,167,-1.1851352762469023,6.744554473117036,0.16602657839242552,0.01030181036527611,0.5845960093511932,0.5845960093511932,41.65915089038623,0.985967164551928,-16.606529469585556,-15.817631160240678
0,168,-1.5482238548911431,6.387327997556024,0.01700331563752444,0.03243161178552012,1.8280498367292077,1.828049836729208,50.81623263888892,0.9640262620466234,-8.993353573527486,-7.783013201551302
0,169,-0.8023812257746384,7.796822529786869,0.03375138011106715,0.030078856351033023,6.28383463999117,6.283834639991171,123.64724485367074,0.9491793396009129,-3.2150769362648184,-0.6588476178037848
0,170,-1.9795856278181914,6.25289427255313,0.02258473419922824,0.013628731372251845,1.2006394827274511,1.2006394827274511,39.56928571428577,0.9696572869321727,-4.341390823513315,-4.557750227292062
0,171,-2.4311237064534863,6.726014583645529,0.07756328634395637,0.007093128723419495,1.7386516584942382,1.7386516584942384,61.99284939236113,0.9719539967022636,-9.494751890760728,-8.284411518784545
0,172,-2.3138546162699845,7.148453207753002,0.15777030758872979,0.0012683403284323713,0.3898066755259952,0.3898066755259952,56.47412712191363,0.993097606011962,-20.253960494883092,-19.465062185538216
0,173,-1.6540325256940145,6.170876912601054,0.3431360836379793,3.62534064326514e-05,0.09590876305672302,0.09590876305672301,31.97981770833335,0.9970009596698942,-27.39039572737552,-27.072629560656175
0,174,-1.3187265213303436,6.6381342223267765,0.015879479706380595,0.0307873208284557,1.9218166569696813,1.9218166569696815,48.8321993496388,0.9606444787954468,-8.493141787912027,-7.282801415935843
0,175,-1.689947700470045,7.044364316586479,0.023344452349845835,0.01002689117563893,1.0054573809701486,1.0054573809701486,44.779242948637915,0.9775463515065805,-5.583273239412886,-5.799632643191633
0,176,-1.0453908277544803,9.071744520981566,0.029449304660993603,0.03144315291937394,3.7720839891611333,3.7720839891611333,99.10010423612023,0.9619366294492122,-8.085182443961777,-5.82538501411563
0,177,-2.2839902471553972,5.931812575814142,0.07681507009838628,0.012816764471872188,0.9362952958757236,0.9362952958757236,60.41997069603279,0.9845035460115309,-22.60877218001687,-20.66914558086487
0,178,-2.1176675001395346,6.246514723161474,0.11156467072616127,0.025100527128714578,0.5078692100870092,0.5078692100870092,36.36012797736536,0.9860322491053066,-14.055782933526142,-13.7380167668068
0,179,-1.0571303195992627,9.979812537788234,0.17015904286127226,0.025550170439505804,2.355834008523987,2.355834008523987,36.28710130917834,0.9350779223600285,-1.780373865269075,-1.462607698549732
0,180,-1.5275788065029943,6.937333874423104,0.017951280889738408,0.024633592261097625,2.5196051141386926,2.5196051141386926,50.33577986358847,0.949944053296345,-3.458101499473104,-2.6692031901282256
0,181,-4.798352316437559,8.949721566412357,0.03607023995584124,3.655781574463113e-05,0.9037839135087747,0.9037839135087747,63.63947186526778,0.9857983750175962,-3.357546700722173,-4.190508823809953
0,182,-2.3712038444956374,9.11999430125859,0.04268731019888339,0.005694135993502991,6.625898849343794,6.625898849343793,129.9959904886679,0.9490299752751113,2.4239984176784173,4.0155795088719
0,183,-1.7624408420822315,7.876050570336724,0.0758690005756868,0.013559106361472395,2.9917638287448876,2.9917638287448884,91.30158261246785,0.9672320704292332,-6.322353650490928,-4.730772559297446
0,184,-1.4114133745645556,8.299011193690388,0.12951791613187114,0.012661552932243803,1.0706064489146199,1.0706064489146199,70.10331226857122,0.984728161704927,-11.160993832587579,-10.3720955232427
0,185,-1.2337613428639798,7.584148819200532,0.24997716481159227,0.0028634486729852693,1.4931521263632468,1.4931521263632466,70.3005546045169,0.9787604502587052,-11.016956865512174,-9.80661649353599
0,186,6.771413854400199,79.69660892623719,0.33333320544790723,0.0,18.603922562441397,18.603922562441397,27.576618991862702,0.3253733328247732,14.842236099183905,14.625876695405157
0,187,4.178184901860907,16.119567640917793,0.3333255055930946,0.0,2.8430953091598736,2.8430953091598736,6.0225882165904085,0.5279279925982643,3.5188033221763195,2.6858411990885394
0,188,3.659319846112758,19.585356668330995,0.11739474753072177,0.0,0.7314851229045334,0.7314851229045334,1.0233197792760604,0.2851842232327252,-7.810119819038528,-8.026479222817276
0,189,7.30212787542901,45.08328585812179,0.33337616431739825,0.0,10.278987341069254,10.278987341069254,15.583413385342855,0.34038922751434775,11.230053669612056,10.397091546524276
0,190,5.801141598519392,26.16635839394571,0.3333332922619847,0.0,9.168584801314378,9.168584801314378,14.165590411871637,0.3527566070503818,10.544140855633344,9.711178732545564
0,191,4.213654354088468,13.992261038598121,0.3333389291842761,0.0,1.382737282164741,1.382737282164741,3.677408999463083,0.623991434630571,-0.8061663812320781,-1.6391285043198582
0,192,6.4484156437594375,21.89393493192235,0.33332969181790095,0.0,9.230749238163991,9.230749238163991,24.735585786644442,0.6268230994089505,8.22784077904739,9.016739088392269
0,193,4.553722973573408,15.41664164843298,0.3333373251524836,0.0,1.5960519697804774,1.5960519697804774,10.160414523860352,0.8429146797079621,-7.567223646876883,-6.778325337532005
0,194,7.171439235464151,244.09763600801958,0.3333241898054684,0.0,11.584580328615303,11.584580328615303,16.18707905214373,0.2843316393712735,11.947492775535672,11.114530652447892
0,195,6.41271256391906,59.764933920483294,0.33332682939753244,0.0,9.552197203932634,9.552197203932634,13.774174341132214,0.30651399006849955,10.79007039507146,9.95710827198368
0,196,5.3222620507938965,17.953572468887582,0.3333268198100281,0.0,3.6705663504018853,3.6705663504018853,6.434187930442152,0.42952142677783944,5.051518999058487,4.218556875970707
0,197,6.503883182938271,65.19444093648603,0.3333310640889775,0.0,16.636326534806223,16.636326534806223,29.221187989542322,0.4306759006252576,14.059749505858932,13.843390102080185
0,198,3.5773525868902962,11.96885142490717,0.3332041858478658,0.0,1.1487646079173892,1.1487646079173892,5.34582281536793,0.7851098609899728,-4.650561266625914,-4.866920670404661
0,199,3.8914314636118874,12.03005403168597,0.33321137905016496,0.0,0.5290265348104445,0.5290265348104445,4.120765761805133,0.8716193626645985,-10.078387859804554,-10.2947472635833
0,200,6.595525364661994,63.065259300327284,0.333325394953373,0.0,8.131730897177214,8.131730897177214,11.410922821248658,0.2873730701223526,10.431679454734619,8.86943110447102
0,201,6.534517420435795,254.17872671573792,0.3333552314860646,0.0,16.675532220643856,16.675532220643856,21.122246426648957,0.21052278797367352,14.022522980691164,12.460274630427566
0,202,6.370489877495523,109.45322546723644,0.33330131891965253,0.0,12.383736284071968,12.383736284071968,16.196160449335892,0.23539061478118717,12.53473054647851,10.972482196214912
0,203,5.893363919287848,114.78060724266312,0.3333319370949719,0.0,9.910791414786678,9.910791414786678,16.675766252126692,0.40567700068818513,10.433998394230056,10.217638990451308
0,204,5.385100179540026,74.41604430047391,0.3333228208959258,0.0,12.795263222812856,12.795263222812856,20.611114634831928,0.3792056640551893,12.222154248642035,12.005794844863289
0,205,5.215675769784708,39.90424397381489,0.33331162104800116,0.0,8.415543405891485,8.415543405891485,14.830937612020321,0.432568349618653,9.289191766562283,9.072832362783537
0,206,7.6060025460479945,1096.813438526424,0.33335793059698626,0.0,10.081862438082965,10.081862438082965,11.419977703047433,0.11717319418297911,11.506500494124397,9.944252143860798
0,207,8.258240988799443,998.2906767697801,0.33333676886270425,0.0,10.549267361593152,10.549267361593152,11.833039124371862,0.10849045196973917,11.73309250338924,10.17084415312564
0,208,7.5010357222286865,2202.1350947010455,0.333333093924282,0.0,12.874371937085126,12.874371937085126,14.364903876203483,0.1037620545159047,12.72900375670109,11.166755406437492
0,209,6.490701815708162,27.965251013608068,0.3332811925766397,0.0,6.510534172127456,6.510534172127456,7.997232450239164,0.1859015962537448,8.489972226298455,7.657010103210675
0,210,7.328072724664836,387.11758465284345,0.33326745782515665,0.0,15.604730142540117,15.604730142540117,17.831846613262876,0.12489544796029628,13.73488767999604,12.90192555690826
0,211,6.5930308622579314,16.70960837089429,0.33335207709227377,0.0,13.907007023826804,13.907007023826804,16.040763103167038,0.13302085852255696,13.043800077951362,12.210837954863582
0,212,7.814452288389495,30.836506999430007,0.33333301750458055,0.0,8.143578255824414,8.143578255824414,8.928417968750004,0.08790355869008104,10.438958800784773,8.876710450521175
0,213,474.57616543185065,8.274572534922916,0.33331895788952837,0.0,24.389041820649382,24.389041820649382,25.23067220052084,0.03335742992428414,16.414246738891016,15.581284615803236
0,214,165.42550326434917,7.563489501267119,0.3332897679446518,0.0,23.06349673911653,23.06349673911653,23.909993489583304,0.03540347055450099,16.078950024074352,15.24598790098657
0,215,6.418204502592626,39.63056370144031,0.3333408137135332,0.0,12.656177651575023,12.656177651575023,14.350996212530227,0.11809762443358562,12.145647091714778,11.92928768793603
0,216,7.270721624662065,1221.8954371845118,0.33333104763534394,0.0,27.78319618331685,27.78319618331685,30.08863664753297,0.07662163265231048,17.649648645335198,17.433289241556448
0,217,7.134559672280812,1421.319284575734,0.33333059765630235,0.0,19.394483618235213,19.394483618235213,21.318718750874183,0.09026035547094335,15.13354968902421,14.917190285245464
0,218,-0.2600397191084298,8.474967322307746,0.0005251603355453938,4491.063826630787,0.2969630648015842,0.2969630648015842,24.00838838209048,0.9876308621771918,-10.03544186847029,-10.86840399155807
0,219,-0.9372918563677143,19.182241457890985,0.0005100080272346652,0.058194351455180815,3.838447534663582,3.838447534663582,38.17379474881781,0.8994481015073186,3.794104935649518,3.5777455318707707
0,220,-1.0912444413359168,7.199582029743938,0.0006976995053540325,83201.17213479507,0.2074104138133151,0.2074104138133151,20.013588113563276,0.9896365203162769,-16.632761455765763,-16.84912085954451
0,221,-1.3263456183932996,20.42190907073747,0.0008581087237762297,0.027474636436856326,5.420988732430106,5.420988732430106,50.85045349943671,0.8933935027248054,6.210576509017469,5.994217105238722
0,222,-0.648553451935706,7.293499033901114,0.0025745747303711486,0.07058771038561296,1.1717916145546465,1.1717916145546465,45.72842441929073,0.9743749838435212,0.7454797981541246,-0.8167685521094743
0,223,-0.5260821636675119,7.838874643318261,0.005949330985087098,0.027055647749102407,1.2546421621974218,1.2546421621974218,44.43277147174853,0.9717631351671332,-1.3894544021481146,-2.2224165252358947
0,224,-0.6229815474902418,7.340799833728011,0.000905104355591213,175425.65016748058,0.033022708973786674,0.033022708973786674,12.479266636487107,0.9973537941021924,-17.09998857948044,-18.662236929744036
0,225,-0.18362757879222846,6.774495084573584,0.0007574611910285967,0.05081747991404151,0.16961027868301082,0.16961027868301082,37.51152953825263,0.9954784494055341,-22.8295479495866,-22.51178178286726
0,226,-0.5495247873477802,7.748858517199498,0.0055299779136588345,0.030876231664102027,1.5004366561902565,1.5004366561902565,45.561886977516245,0.967068162542726,-0.3160197961338298,-1.14898191922161
0,227,-0.30537291516662546,8.060462036818985,0.006751866990890809,0.022903620110895195,0.650993354619564,0.650993354619564,51.58112645239176,0.9873792334639994,-5.326091884068301,-6.159054007156081
0,228,0.6039016050254021,6.057915030651024,0.01557060213504835,0.19905722702182094,0.6474919446204489,0.6474919446204488,67.76948005244826,0.990445670468191,-56.20267020246493,-52.42491428579917
0,229,0.5926976157318194,6.173605854730218,0.03514873982869182,0.0,0.8093296780502556,0.8093296780502556,45.70062771137714,0.9822906222828801,-28.09447776161452,-25.834680331768375
0,230,0.4308642057740412,5.663012243049792,0.12673360957287594,0.0,0.5114525001080825,0.5114525001080825,20.03475221599743,0.9744717331867127,-10.314874976101947,-10.531234379880694
0,231,0.38376143020537196,5.53824395491995,0.0858303246765868,0.12643396535679452,0.8967762359811631,0.8967762359811631,29.19417471075077,0.9692823570158698,-16.115339992522426,-14.904999620546242
0,232,1.1996141279802315,3.3695085172973602,1.2538696930519677e-05,0.0,0.00039819368837755827,0.0003981936883775582,0.0004797741946833269,0.1700393793784919,-173.25035113528028,-169.9174977590554
0,233,-0.5812246476298307,5.038836757999356,0.017165186572820623,0.051906692372548635,0.3274939220102115,0.3274939220102115,29.540468399440826,0.9889137193905696,-39.856056823744375,-37.59625939389823
0,234,1.03006426614958,5.185294910404498,0.03592420416726072,0.0,0.04258199352586691,0.042581993525866904,15.337916043239602,0.9972237432121924,-40.18193541627998,-39.3930371069351
0,235,0.36934127172374104,6.855344595910864,0.14573821653770613,0.0,0.6991703582263524,0.6991703582263524,47.61746586674346,0.9853169347528286,-33.95685450594041,-31.400625187479378
0,236,-2.856419835037587,6.69942159258577,0.12819977527646476,0.0012137051678968724,1.3470557304959265,1.347055730495926,45.60884477367203,0.970465032886044,-15.099714026789663,-13.50813293559618
0,237,6.8295727818362435,1.7067864236138899,1.7612111981479828e-05,0.0,0.000394278288137531,0.00039427828813753106,0.0004331330831450489,0.08970636628674711,-161.77667688254945,-158.68632199359033
0,238,-0.3782273951801618,7.098567448034064,0.012247264521886292,0.07412248622232509,1.802734157588304,1.802734157588304,70.25576625375984,0.974340409994577,-30.146450538297145,-26.81359716207228
0,239,0.707374814423,6.530701895117225,0.02809274668276096,0.3008253252431623,1.6615225643117126,1.6615225643117126,43.99494258343448,0.9622337826407954,-15.726067124566569,-13.786440525414568
0,240,0.4365741069912091,6.578564712009956,0.12073177611744978,0.044664768975531066,0.4786135243097803,0.4786135243097803,38.72642112777779,0.9876411630516904,-18.406777808607437,-17.617879499262557
0,241,4.584005469422472,1.7446732585467646,5.2313708920337376e-11,0.0,0.00030873340970892195,0.00030873340970892195,0.00030873334817286147,-1.993178282422292e-07,-95.85617498196127,-94.64583460998509
0,242,1.008643200710339,7.657990302342831,3.3717632306196066e-05,0.0,0.0003722396827964243,0.00037223968279642423,0.0008988207658472826,0.585857718312139,-162.69698119705657,-159.60662630809745
0,243,-0.046045101259178614,17.19994418099861,0.007890367084808059,0.10203901037455232,6.448695625418571,6.448695625418571,37.096154897935556,0.8261626941347108,-8.478702859385173,-5.145849483160308
0,244,0.865857336665166,6.413830055626726,0.04455576088123259,0.0,0.3141849978499898,0.3141849978499898,29.251860100594634,0.9892593155864435,-31.112354316579854,-29.52077322538637
0,245,0.5089436874469405,5.596594184559703,0.09618674177849162,0.0,0.3943198115612428,0.39431981156124274,22.38496602036502,0.9823846142450025,-16.08027628918235,-15.762510122463008
0,246,0.6354291448942249,6.330890836532235,0.18022649057168172,0.0,0.06373844785101127,0.06373844785101127,21.07486226528464,0.9969756173469279,-13.812026169892327,-15.374274520155925
0,247,0.6378963460678763,4.4974551087186665,0.01971717244172244,1885769.2493961412,0.480350391817815,0.480350391817815,12.166681895509054,0.9605191952955455,-14.501448000913754,-14.183681834194411
0,248,-0.009754109925123083,18.131109953076567,0.007941698552237808,0.15127486610219276,7.804489991641532,7.804489991641532,23.529127578800402,0.6683051691779116,-0.1810137021591185,2.375215616301915
0,249,0.12426027887374587,5.48326028274868,0.024590617952909843,0.1239619399108729,3.4825878617523554,3.4825878617523554,30.336397103590443,0.8852010062414374,-2.548094371351379,-1.3377539993751952
0,250,0.8097282358872908,6.185516924249295,0.07571422486100032,0.0,0.2373841867551422,0.2373841867551422,29.983695382558423,0.992082890927006,-20.14013560667953,-19.822369439960184
0,251,0.4710187647375902,5.2626652053356855,0.0903335088495607,0.0,1.0553397530502175,1.0553397530502173,21.822606214013465,0.9516400679781076,-11.290256393016755,-10.501358083671876
0,252,0.11311380139787713,6.166610909340871,0.06789982164580799,0.05661120736325276,6.629532573909174,6.629532573909175,45.583160977124756,0.8545618067769344,5.248787504330307,6.037685813675186
0,253,4.66458946997235,1.7272631876217122,1.399933909906892e-06,0.0,0.00020568555526725163,0.00020568555526725163,0.00020600525986092048,0.0015519244211759098,-209.23841834003343,-205.46066242336767
0,254,0.920318150954419,4.630338075495703,0.01724881918246357,0.0,0.2880960691933577,0.2880960691933576,29.440532099555583,0.990214304951448,-61.320468623940215,-57.987615247715354
0,255,0.7709084384204422,4.820530561676456,0.08205072746772823,0.0,0.1344617879843441,0.13446178798434408,15.786837169165796,0.9914826645423968,-24.687334129527557,-24.369567962808212
0,256,1.274821127730105,5.135853869105853,0.08032140796637544,0.0,0.9672675329080058,0.9672675329080059,14.80902591855217,0.934683919237642,-8.90177360554425,-8.584007438824907
0,257,0.775158209114444,5.31630573476417,0.33333093459896457,0.0,0.19295665253904762,0.19295665253904762,15.51976841588826,0.9875670404758418,-17.138399038212626,-17.354758441991372
0,258,4.914777928420626,1.7198215294958903,2.5523859683573846e-05,0.0,0.0002797301338093688,0.00027973013380936887,0.00037742828819644974,0.25885223085406206,-191.2970257349731,-187.73553870338844
0,259,0.05027739022834923,6.435437899504707,0.013030316891270877,0.09401419121495658,3.60674094788694,3.6067409478869394,44.171766593516296,0.9183473692352537,-10.987538493625724,-8.43130917516469
0,260,0.48997747309752165,5.882090810989732,0.05772376144786273,0.0,0.5080189591677922,0.5080189591677922,27.8389299725525,0.981751491179127,-10.362026619712623,-10.578386023491369
0,261,0.8339021944368702,5.686726300887742,0.08585472296145502,0.0,0.25522465999047983,0.25522465999047983,18.501453740097162,0.9862051564392832,-19.560421150423856,-19.24265498370451
0,262,0.7832287523296261,6.016451829421617,0.12019961624699382,0.0,0.04587302943849167,0.04587302943849167,23.478865490946646,0.9980461990611863,-33.2905557618327,-32.972789595113355
0,263,3.711544837284385,6.517950378058193,0.018925493502350843,0.0,0.5086596077252329,0.5086596077252329,9.631650580866227,0.9471887395151448,-21.785613262384494,-20.57527289040831
0,264,3.836738954217493,21.453742532878394,0.06879647539297906,0.0,3.6017976334916004,3.601797633491601,600.7637753825011,0.9940046357968265,-15.858490540339336,-12.768135651380211
0,265,4.580237993134985,21.303658374559795,0.33333690374868885,0.0,4.259198880912473,4.259198880912472,551.0469352736144,0.9922707148733209,-17.94323208562279,-14.38174505403813
0,266,8.074929752608545,23.075848624193373,0.3333360611322336,0.0,63.67641304367936,63.676413043679375,517.9471875444175,0.8770600274024681,30.0996078380513,33.189962727010425
0,267,12.32104294327572,98782.28761882408,0.3333412331729706,0.0,261.5475823362236,261.5475823362236,530.0602046799783,0.5065700461438489,47.02166929325094,49.28146672309708
0,268,3.3971855974067386,12.3715493147491,0.023497206309843977,0.0,0.14403268029443456,0.14403268029443453,69.8386180256661,0.9979376355895029,-29.21445672401518,-28.4255584146703
0,269,3.8971344873840623,19.275931320621194,0.07781541313393725,0.0,3.5191295895768313,3.5191295895768318,686.9974288457655,0.9948775214552268,-26.750371804201187,-22.767442709985225
0,270,4.515305973674599,20.268983700639343,0.3333333094711044,0.0,5.005260226666555,5.005260226666555,469.00543534501884,0.9893279270356761,-6.399950948035949,-3.8437216295749153
0,271,7.309142645548051,21.18240104203979,0.33333333419509126,0.0,45.306860486056266,45.30686048605628,556.5504836602817,0.9185934397395806,24.664167083763946,27.99702045998881
0,272,10.540857329332878,14832966.648554122,0.33333320933820754,0.0,156.19848219068453,156.19848219068453,534.2511274107443,0.7076309731947545,43.14615978750615,45.97836059191499
0,273,12.587953663989474,3086875.9263890865,0.3333328297418452,0.0,263.4049498344117,263.4049498344117,487.08648646690756,0.459223449730611,47.11366190879061,49.373459338636756
0,274,3.261959572221229,11.068609501380509,0.027948909100433017,0.0,2.3084980393203036,2.3084980393203036,63.36258369225427,0.9635668575237959,-4.245647173320487,-3.4567488639756085
0,275,3.655413471938809,18.8247992222308,0.08769739345640182,0.0,0.9001392746894002,0.9001392746894004,574.5536707364362,0.9984333242993024,-49.943250385695535,-46.165494469029774
0,276,3.9883812623557233,19.644915615363235,0.3333305704007523,0.0,2.4977072893396404,2.4977072893396404,391.6040232661113,0.9936218548816023,-10.83440107548451,-8.89477447633251
0,277,8.364446911123286,21.175864481192246,0.3333285114717446,0.0,34.3581688095762,34.3581688095762,387.9037277177598,0.9114260411681959,20.634575771798623,22.89437320164477
0,278,10.91652663187586,31.09112772494848,0.33335436891486325,0.0,66.5334831546095,66.5334831546095,309.4181459566073,0.78497226480072,28.553584126898073,30.493210726050073
0,279,13.005990081486425,15007051.702520102,0.3333333078726217,0.0,163.77653537360374,163.77653537360374,339.2105422050478,0.5171832387373054,35.959178164760196,37.169518536736376
0,280,0.7961722303494106,1.4418127366768476,0.00659665826511624,0.0,0.11500658431081003,0.11500658431081003,1.379897315882022,0.9166556938787155,-20.76073232505613,-20.977091728834875
0,281,0.5788989544450888,1.6159565762190742,0.0065739996205884665,29688917.739227317,0.07280149287497455,0.07280149287497455,1.737150230562378,0.9580914237616593,-23.961502765644834,-24.17786216942358
0,282,0.39651787191358295,2.0033688255349515,0.007133982833375185,0.0,0.04457692133243431,0.04457692133243431,2.0841750343960026,0.9786117189790863,-21.413790892157618,-22.246753015245396
0,283,1.9390879003935315,0.9787011410203151,0.017742625074189666,0.0,0.0913500658450157,0.0913500658450157,0.6650988172682637,0.8626518895038567,-17.108894467522838,-17.94185659061062
0,284,2.6775442219303422,1.3543733371279227,0.0053736017936489855,0.0,0.0720355700017648,0.0720355700017648,0.5078845550074913,0.8581654643923907,-24.03553782247465,-24.251897226253398
0,285,1.658101545176689,1.574588095493322,0.005141820397545738,0.0,0.15372631119272728,0.15372631119272728,0.8520898487234803,0.8195890827440024,-18.729441247352256,-18.945800651131
0,286,1.208242976249363,1.9668308175747484,0.005239744423329196,0.0,0.026513507009776404,0.026513507009776404,1.2129720942992404,0.97814170075768,-31.032077884907068,-31.248437288685814
0,287,1.631791729598563,1.6844004797888281,0.008580442480345729,0.0,0.03750507804765595,0.03750507804765595,1.0163286281318604,0.9630974893262675,-28.604323627372594,-28.82068303115134
0,288,2.9123514828122388,13.484688519049014,0.3333371995397254,0.0,4.808057709494692,4.808057709494692,71.0828368356814,0.9323597942410594,5.370681356385935,5.154321952607188
0,289,-2.43714840290299,12.955169373835213,0.29200546679333095,5298.435981718656,4.257662097738109,4.257662097738109,136.09547202871303,0.968715622685523,4.519670400612988,4.303310996834242
0,290,-2.004518978285211,14.101478559148115,0.15006658283796792,0.000898862404279166,0.1260703397537874,0.1260703397537874,159.48401977616314,0.9992095111476954,-10.401765941076306,-11.964014291339904
0,291,0.8892838974987722,13.21132050405792,0.04432585031170633,0.0,0.43894566433345816,0.43894566433345816,102.6744844410772,0.995724880755692,-7.69083468547192,-8.5237968085597
0,292,0.24471269404873658,7.6658067873898235,0.05465311702994091,0.0,42.814544635320715,42.81454463532071,959.4893653992035,0.9553777809538229,-182.32069656816026,-170.25157722090057
0,293,-0.060566476571122164,9.086444827918072,0.20349052641766918,0.0,13.370632081921222,13.370632081921228,681.569284216906,0.9803825782770075,-157.8163010545461,-147.90695379663327
0,294,1.472749738422176,381512.2580371612,0.3333332554653239,0.0,128.9481605073275,128.94816050732746,988.475877413508,0.8695485004199199,27.146157913426347,37.87468282192323
0,295,0.5790188993277665,9.340498087800555,0.5219466675693838,0.3584860417779636,8.126765410156697,8.126765410156693,868.5455683565403,0.9906432480848021,-205.01913116429074,-195.06458568536218
