,ID,N0,Nmax,u,Tlag,chisqr,RSS,TSS,Rsqrd,aic,bic
0,1,-4.025354046356795,-1.4235165429376728,0.024160032738466786,22.891458108419734,1.3067754714966138,1.3067754714966138,21.53540744930885,0.9393196773930297,-77.80997262614288,-72.48115458544207
0,2,-3.046044579195143,-0.5759769024754995,0.0575188640118407,0.6074728608687521,0.16435669674639003,0.16435669674639003,5.510476297897051,0.9701737766644395,-135.8617808044915,-130.5329627637907
0,3,-5.3972598420043445,-0.7577837904128648,0.10927812360573608,6.134122493610038,0.1601146744383775,0.1601146744383775,21.83487514151311,0.9926670212950308,-136.5939464312383,-131.26512839053748
0,4,-4.569326509435107,-0.8298007020844828,0.08049766571649819,27.498086150847442,1.508577912088408,1.508577912088408,27.79511490192164,0.9457250701279126,-81.70089863988137,-76.09610911323276
0,5,-5.8285597054023865,-5.0190519666126505,0.0,796.810344627115,13.130425590286125,13.130425590286126,13.130425590286125,-2.220446049250313e-16,-9.762275352992404,-4.7298892009064755
0,6,-3.386105515432867,-1.0278398096749726,0.017257669645025064,3.0099874017866037,0.7565068750826506,0.7565068750826505,15.540904047403107,0.9513215657998311,-93.11494870277212,-87.78613066207132
0,7,-4.346603844455168,-1.4163514373961728,0.044549221366155356,16.86971663824098,0.5342393612233548,0.5342393612233548,16.989038909763334,0.9685538797067363,-102.85524264181572,-97.52642460111491
0,8,-4.859422477867161,-1.8829135872826772,0.027353358054205135,24.3407415127185,1.2220333234194056,1.2220333234194056,27.57783669390571,0.9556878468393623,-79.68727464626156,-74.35845660556075
0,9,-3.7130459817074333,-2.164953536224809,0.013321433464411392,4.159091754254263,0.2795039169854353,0.27950391698543525,6.058293092591185,0.9538642464612275,-120.99441750723432,-115.66559946653351
0,10,-4.151721697482977,-2.3058945550222147,0.019732495411099116,9.917038286388589,0.4314342593989372,0.4314342593989372,7.9091817380562865,0.9454514672076604,-108.83965002901454,-103.51083198831373
0,11,-4.257049082433218,-1.5684727709305564,0.03649184909366965,21.112554096334502,0.36101963325777325,0.3610196332577733,16.620497114226275,0.9782786501043486,-113.82876850333581,-108.499950462635
0,12,-4.114296169978108,-1.3956718754975712,0.023718498156857004,3.773153829673136,0.6778154274590903,0.6778154274590904,18.390469566409408,0.9631431146979991,-96.19037353661432,-90.8615554959135
0,13,-2.818878887311566,-0.9785922047808672,0.028157239887129926,22.325410309099713,0.1255594364930379,0.12555943649303794,7.243937993719612,0.9826669642117456,-143.40105526401356,-138.07223722331275
0,14,-4.829873933546011,-4.274928499117468,0.0,859.4084712919788,4.588686694749135,4.588686694749135,4.588686694749135,0.0,-42.641098205379485,-37.31228016467867
0,15,-5.051416443989786,-3.309847603073913,0.0,790.0965748539674,18.376457086947653,18.376457086947664,18.37645708694765,-6.661338147750939e-16,-3.7917567871967446,1.5370612535040706
0,16,-4.744932136405323,-0.8985392630279468,0.06599263056388227,34.307058668247,0.38781500030177857,0.38781500030177857,34.19831123287703,0.9886598201396288,-111.82407826443206,-106.49526022373125
0,17,-5.566534909025029,-4.570215500217619,0.0,994.2574380632753,8.555268564793543,8.555268564793543,8.555268564793543,0.0,-23.0308182934553,-17.847470829437984
0,18,-3.2654672547524863,-2.9188965327022154,0.0,946.2810268413756,1.8073955671838513,1.8073955671838513,1.807395567183851,-2.220446049250313e-16,-68.728893199987,-63.40007515928618
0,19,-4.856590667063285,-1.9284433256031563,0.021139032484671194,17.94699635915578,0.8624481365013449,0.8624481365013449,26.678064498861715,0.9676720124678406,-89.4451736622685,-84.11635562156769
0,20,-4.875003948962631,-4.408459891741994,0.0,823.3339117490823,4.627366574647145,4.627366574647146,4.627366574647145,-2.220446049250313e-16,-42.4060641914153,-37.07724615071448
0,21,-7.063326790451563,-5.4212093409671676,0.0,546.8397337117442,15.119738769354042,15.119738769354043,15.119738769354042,-2.220446049250313e-16,12.134160004489651,13.344500376465835
0,22,-3.359897341771349,-1.2381039826927906,0.013329066363550801,20.472992518606627,0.6353589455391304,0.6353589455391304,15.019890519144555,0.9576988297797981,-98.00155107928916,-92.67273303858835
0,23,-3.01583380870312,-1.1555166701063422,0.04592626900655228,6.782227151063801,0.13164956237707687,0.13164956237707687,5.998491330556803,0.9780528877808919,-98.5148172530669,-94.3367275021732
0,24,-3.1691914722368697,-0.19338110002033237,0.748691664008239,1.6460709470907933,0.16464396765576633,0.1646439676557663,23.081145871478814,0.9928667333687615,-135.81288371474653,-130.48406567404572
0,25,-3.6954908163175344,-0.8525336979425514,0.3098377543105131,4.618936166454904,2.981695405857046,2.981695405857046,20.90418010399898,0.8573636760196758,-48.30571624970442,-43.27333009761849
0,26,-1.4299364452783418,-1.5997672888556038,0.009000555690660494,418.2579802663243,22.02292112488906,22.02292112488906,22.12054194564551,0.004413129705245211,3.6836682993014733,8.716054451387402
0,27,-4.421711630758247,-2.0555775816096027,0.05761805948784504,2.771355450979315,2.0110500065673556,2.0110500065673556,15.696840428804736,0.8718818595571025,-44.632480479901034,-40.26831066646777
0,28,-3.1379887475677695,-0.6445383443127216,0.07180370348491083,1.9825149198109595,1.4015715861904345,1.4015715861904345,18.176108293873057,0.9228893466340709,-56.35170108892214,-51.80972422520554
0,29,-4.895138380421105,-1.5811591094901327,0.15060184070226246,0.9254165091871975,1.2410326716146862,1.2410326716146862,26.385492736714454,0.9529653403103655,-59.149658813788406,-54.60768195007181
0,30,-3.652089751815582,-1.3563425276610916,0.06611556488600856,0.9238044003995667,2.0239589594761673,2.0239589594761673,18.897247004352074,0.8928966235658535,-47.90009105790775,-43.35811419419115
0,31,-1.6722558651065023,-1.3947487829196792,0.0,143.69814552153915,1.5286341009851476,1.5286341009851476,1.5286341009851472,-2.220446049250313e-16,-47.02310475564469,-42.845015004751
0,32,-4.605301817755316,-1.9536128778606903,0.6194756387687164,1.8475745938126624,4.0972234352300045,4.0972234352300045,22.284244274625813,0.816138102565347,-37.214157287208586,-32.33865398773578
0,33,-3.879733524575678,-1.6590214937756096,0.10280184512695278,1.837792058675495,3.4119001152963317,3.4119001152963317,15.838015191555218,0.7845752719623892,-35.88917180898843,-31.34719494527183
0,34,-4.243050796855184,-1.5514154295194738,0.10724778455449524,0.9188928563339742,6.218288413968511,6.218288413968512,22.979491903045457,0.7293983504855298,-22.083988997919477,-17.542012134202878
0,35,-2.468175151719998,-0.22046912526404924,0.5494774553162984,1.9838329717038237,0.13626943713614514,0.13626943713614514,20.757547872896293,0.9934351861804411,-166.68342721706284,-160.82048360586393
0,36,-3.9963872244063783,-0.7013514023463854,0.25736110047784,0.24504205873400786,1.7657774924313057,1.765777492431306,21.215964717095975,0.9167712844559724,-58.257118146256474,-53.38161484678367
0,37,-5.8033651148307115,-0.6765262072364351,0.27190228399889427,6.010156510175352,0.9725796628630605,0.9725796628630605,31.75687016633497,0.9693741965826947,-64.75584266636262,-60.213865802646026
0,38,-5.943518293006317,-0.930548696018877,0.4871056718265181,2.54107769400288,2.4556065150892086,2.4556065150892086,49.280360328652904,0.9501706866850677,-43.45376994073193,-38.91179307701533
0,39,-3.432413723017188,-0.6661566149056604,0.13000196439288492,2.7713602507402464,3.7583626119313838,3.7583626119313838,21.461007397864385,0.824874827995941,-33.66474906526406,-29.122772201547463
0,40,-2.2081071296883374,-1.733673592363722,0.0,153.09139015903392,2.9880491791598214,2.9880491791598214,2.9880491791598214,0.0,-32.94793594568885,-28.769846194795157
0,41,-5.214343807964544,-1.5723176541142088,0.11577231298766089,1.3145032856491805,0.41249526370167,0.41249526370167,17.7019122957138,0.9766977004059867,-79.48460618847358,-75.12043637504031
0,42,-3.0595362919104527,-0.30727472924663235,0.5695115753697755,0.3817549651357506,1.9303509600303606,1.9303509600303608,32.10805256010572,0.9398795378070104,-81.85709029885878,-75.99414668765988
0,43,-4.983283722308273,-1.6559932736731984,0.06652064526073032,10.161632664346248,1.91104464066747,1.91104464066747,24.3233318100068,0.9214316255850585,-42.33432067071522,-38.15623091982153
0,44,-3.5307058750725737,-1.0430219481785497,0.07778091831229905,1.571824916976468,2.864542724261861,2.8645427242618617,18.81115131840496,0.8477210312236884,-39.91096618003726,-35.368989316320665
0,45,-4.049982271367608,-1.2230013334033771,0.1427361705233614,0.5088840762240519,1.6965431609620736,1.6965431609620736,15.248982723481188,0.8887438466075742,-15.475766844272243,-13.536140245120242
0,46,-3.2525004019570334,-0.15784970634654424,0.09195623065837388,0.17095678913649026,0.7578821436569436,0.7578821436569436,21.87225807291858,0.9653496158864674,-44.877492457378125,-41.544639081153264
0,47,-1.7292693556632637,-0.2876820724517809,2.0176579661024263e-05,266.0291099257834,24.001618597425207,24.001618597425207,24.001618597425203,-2.220446049250313e-16,15.051066027965593,17.88326683237443
0,48,-1.9008181267693827,-0.15503759784548646,0.00043110888038233597,233.9235197404402,30.33677282405489,30.33677282405489,30.33677282405489,0.0,18.564656001835996,21.396856806244834
0,49,-2.6906356709767683,-1.247457916265673,0.002008179580482272,249.38994030300603,24.10621256237642,24.106212562376424,24.10621256237642,-2.220446049250313e-16,15.607771644652587,18.16400096311362
0,50,-1.7523421708234217,-0.22684009831905425,0.00010156275310979623,229.16076326942166,21.272570904450557,21.272570904450554,21.272570904450557,2.220446049250313e-16,13.240524361769271,16.07272516617811
0,51,-2.60192141817791,-2.126240359045707,0.0014268328321112023,184.5753079062326,12.058770240474432,12.058770240474432,12.058770240474432,0.0,7.022957160867682,9.282754590713829
0,52,-2.210228116308695,-1.1688413748933215,0.0017353679211915551,165.20255801926493,12.401583116286067,12.401583116286067,12.401583116286066,-2.220446049250313e-16,8.395009824104191,10.334636423256192
0,53,-3.7499035099731484,-1.9756842764726417,0.40143203923826176,0.14134439325020698,1.0724236718128042,1.0724236718128042,5.507665098761002,0.8052852429146327,-24.435366036411097,-22.17556860656495
0,54,-2.5260932482592895,-0.8921340752188005,0.001792935874796564,245.9367893199454,10.706569588952702,10.706569588952702,10.7065695889527,-2.220446049250313e-16,4.245202852076938,6.8014321705379714
0,55,-2.331444345612942,-1.3862943611198906,0.0007664071946003048,261.01991156318627,7.289825040219892,7.289825040219892,7.289825040219893,1.1102230246251565e-16,-1.1360889739354523,1.4201403445255814
0,56,-3.648973958675966,-0.6827376151338901,0.27150123808677495,0.05252350474608347,0.572587627658773,0.5725876276587729,22.16044570745455,0.9741617278272449,-45.282851457496356,-42.19249656853723
0,57,-0.6923946537733235,-0.05465841253786397,0.08070423131430515,230.79308125666137,13.025978089991286,13.025978089991288,13.025978089991288,0.0,4.709711293788332,7.8000661827474564
0,58,-2.3970340286082976,-0.4477732039709744,0.3681010474828976,9.994579660395043,11.192405495916464,11.192405495916464,25.440972090634517,0.5600637642286994,2.2823479254209946,5.372702814380119
0,59,-5.871826878343252,-0.5400376966922252,0.6073047534695772,28.50561381309298,0.5465098351124628,0.5465098351124628,99.15469493876014,0.9944883110633339,-50.43607742363853,-47.10322404741366
0,60,-2.9514869943750934,-0.6734480215610804,0.521058800973828,12.066854825993676,11.134955123460418,11.134955123460418,30.595435991284674,0.6360582955368804,2.200008771805547,5.290363660764672
0,61,-1.4617759065144804,-0.21851238193864134,0.0004252874679535612,242.5164165309456,21.0912009121439,21.091200912143897,21.0912009121439,2.220446049250313e-16,13.112086010324877,15.944286814733715
0,62,-2.77255081805183,-1.9432611408837293,0.00011651140857305009,249.96157809904182,5.803295710638734,5.803295710638734,5.803295710638734,0.0,-4.328838864579117,-1.7726095461180833
0,63,-4.75402169021651,-1.570601162228058,0.4308029108448568,0.29565669800113126,0.19529106709697489,0.1952910670969749,18.14362975223535,0.9892363838017079,-46.57677600697306,-44.31697857712692
0,64,-0.8255749737156869,-0.12410269746756696,0.13752973013201686,214.3998245986724,12.9966278627141,12.996627862714103,12.9966278627141,-2.220446049250313e-16,4.67361930235471,7.763974191313834
0,65,-5.206612704615101,-1.4089000081542469,0.3498584485200167,0.05596675957097874,4.670151420937835,4.670151420937836,37.74295297375834,0.8762642810650013,-9.502880586450487,-6.670679782041647
0,66,-2.1763891101534742,-0.5662691724261586,0.0004672023912621892,227.7095113685094,22.634281033112035,22.634281033112035,22.634281033112035,0.0,13.550030314252444,16.64038520321157
0,67,-3.600804658820721,-1.2213774498168566,0.22100074347678778,1.0980229865105415,3.2620603263190695,3.2620603263190695,16.816114412803525,0.8060158104160264,-12.393776646983547,-9.837547328522513
0,68,-0.7057973819542208,-0.04472059684250942,0.026524694641361757,248.45438391913135,14.518464128261977,14.518464128261977,14.518464128261975,-2.220446049250313e-16,6.44532008434664,9.535674973305765
0,69,-5.046154181380533,-0.6174009777589404,0.9871696099024152,0.029638239923651888,0.8276855211041863,0.8276855211041863,33.79589696980241,0.9755092897269824,-39.38737159057177,-36.29701670161264
0,70,-2.2786527274987,-0.84413482219032,0.3663253501718928,10.767836818478823,11.48986002533632,11.48986002533632,18.545317003247217,0.380444129193128,5.233706118152118,7.789935436613152
0,71,-3.2353754329783553,-1.2530412617532336,0.10549670610685502,233.4296571688368,98.29155508393706,98.29155508393706,98.29155508393704,-2.220446049250313e-16,36.19831869104339,39.03051949545223
0,72,-1.5946348069571463,-0.25093253024304,0.0041454642634293215,146.4618595653384,26.550587251863362,26.55058725186336,26.55058725186336,0.0,15.57925487572325,18.912108251948112
0,73,-4.64689918565505,-1.734924153371756,0.6105235670639924,7.872348328774592e-09,0.8662099245965236,0.8662099245965236,18.633926427660708,0.9535143638159536,-42.60630272383958,-39.273449347614715
0,74,-2.120993234324592,-1.5619030431238712,357.380731832787,7663.591074788885,7.547062978531087,7.547062978531087,7.547062978531086,-2.220446049250313e-16,-2.3033758448675314,0.5288249595413088
0,75,-3.835164034969674,-1.0381511180887553,0.5924372156677975,0.0003718635319824859,0.4919903305248735,0.4919903305248735,15.599449716583859,0.9684610457763881,-47.71015901323951,-44.619804124280385
0,76,-2.221883460481557,-1.0042748715864085,0.012983028295112886,252.92658468759075,14.472967002798386,14.472967002798384,14.472967002798384,0.0,6.3951014799784405,9.485456368937566
0,77,-3.7953123120738326,-1.591088486883123,0.4319113193438129,1.4520420076769014e-05,0.20789229743280613,0.20789229743280613,8.749907248850768,0.9762406284409345,-56.18178002937967,-53.349579224970824
0,78,-2.5074256454225763,-1.8892615204137926,466.40580432231394,6630.257833696289,7.323522892967554,7.323522892967554,7.323522892967553,-2.220446049250313e-16,-4.503955848136181,-1.4136009591770566
0,79,-0.6678139952440763,-0.06650649744138842,0.00970852120099197,152.58514917191303,23.926997852993797,23.926997852993797,23.926997852993797,0.0,13.123442254109229,16.684929285693887
0,80,-4.129818956242782,-0.45825153914605643,1.757492264834847,0.3468547379751046,1.4583286833103484,1.4583286833103484,30.75842377361443,0.9525876652833768,-37.23545287624545,-33.6739658446608
0,81,-2.1842264467346664,-1.0042748715864085,0.03713592562332946,282.4885114107623,12.523880497278471,12.52388049727847,12.52388049727847,0.0,4.0807766285051885,7.171131517464313
0,82,-4.423712283006701,-0.8298466658032441,1.4808091969063208,1.3726290182896448,1.3303460023982998,1.3303460023982998,33.86345210758452,0.960714400936686,-35.31216281911055,-31.979309442885683
0,83,-3.151667074404037,-0.6965251602744886,1.9946479409009048,1.7813182945770971,3.7667210697697135,3.7667210697697135,16.753035569949034,0.775161877139071,-17.61914388474689,-14.286290508522026
0,84,-2.7008766102850745,-2.255473952111028,393.93803567433883,10521.513255374628,6.76978332022242,6.76978332022242,6.76978332022242,0.0,-3.933716808486869,-1.1015160040780287
0,85,-4.619388170264355,-2.061034710264321,0.5198530241908059,0.27943801426713044,1.099765183303888,1.099765183303888,14.474885648552512,0.9240225304706386,-31.194302707142917,-28.362101902734075
0,86,-0.5473205991912655,-0.09237332013101504,0.005823477209177863,187.70911308518157,13.372694063482601,13.372694063482601,13.372694063482601,0.0,3.9200259656905194,7.252879341915384
0,87,-4.706819362528555,-1.1747485598775733,0.7257562490733696,0.013657436635447384,1.953402335869198,1.9534023358691979,24.844579860562447,0.9213751109162457,-28.781891971893515,-25.44903859566865
0,88,-1.627105982479694,-0.4436168740725391,0.0009783415462609746,158.3530430328228,21.155999108986,21.155999108986,21.155999108986002,2.220446049250313e-16,11.718072839529427,15.050926215754291
0,89,5.694210034136046,9.775646305250458,0.015283834137366448,0.0,5.300346907062141,5.300346907062142,30.061663283988786,0.8236841768537414,-0.03135300241622119,1.5602280887772615
0,90,5.640788956158255,9.74455708103275,0.016092521805466387,0.0,4.87464446612999,4.87464446612999,29.90230314108893,0.8369809695550938,-0.9523291113597114,0.6392519798337712
0,91,6.778649969978229,9.878693445793571,0.010393910997996691,0.0,1.4318575877997552,1.4318575877997555,15.846195044953356,0.9096402900672507,-14.428149249724768,-12.836568158531286
0,92,6.155525109799604,9.962265495644651,0.014511964690461676,0.0,6.105065070302036,6.105065070302035,27.656175530316418,0.7792512900560049,1.5234584255699062,3.115039516763389
0,93,6.908181272478423,9.731521185533856,0.010866104343430827,0.0,0.29194638166693004,0.29194638166693004,4.505929866162437,0.9352084052929186,-18.48501327746434,-18.167247110744995
0,94,6.554272926300069,9.874364423698214,0.01778918371643501,0.0,2.2112580582923673,2.2112580582923673,17.299222600539412,0.8721758711733429,-9.647670282970495,-8.056089191777012
0,95,6.771590397091379,9.921697426184883,0.02009052147207835,0.0,0.14993932526024953,0.14993932526024953,9.819979473224727,0.9847311976904762,-34.00109657976421,-32.79075620778802
0,96,6.7111169406305695,9.829701052756102,0.016381339585573196,0.0,1.5992565164301364,1.5992565164301364,14.625708551555974,0.8906544246528146,-13.21192071657693,-11.620339625383448
0,97,6.156864583819051,9.86065715089563,0.018843257538528002,0.0,2.995546810024565,2.995546810024565,21.464027868101905,0.8604387383191808,-6.30845331956624,-4.7168722283727575
0,98,5.891249743451739,9.820601738328497,0.026632076951226713,0.0,4.205697566437527,4.205697566437527,23.07604580556737,0.8177461770585127,-2.576006137096643,-0.9844250459031603
0,99,6.680155219313761,9.78880861076353,0.03275957337244684,0.0,0.3059890626145294,0.30598906261452946,10.448523564853728,0.9707146123837246,-36.02935084655595,-34.08972424740395
0,100,6.426838906430752,9.687008010940165,0.028373677594039526,0.0,1.3654842538310525,1.3654842538310525,13.347303000533007,0.8976958675639173,-18.080770232245655,-16.141143633093655
0,101,6.700276720827338,9.731727851750504,0.029142164617625532,0.0,0.5823733371078644,0.5823733371078644,10.91070914904655,0.9466236952014475,-32.372707981761685,-30.11291055191554
0,102,6.14894265894654,9.805490892687663,0.030849969447927617,0.0,1.2249425459218068,1.2249425459218068,14.876954957808156,0.9176617426485588,-22.706720406089875,-20.446922976243727
0,103,6.620152795055622,9.764343862015568,0.031638914119274775,0.0,0.23480144320498753,0.23480144320498753,10.808572601713431,0.9782763689658923,-44.18153722573629,-41.92173979589015
0,104,7.878033984361741,9.341939524163898,0.007529736353170335,0.0,1.915102045814435,1.9151020458144348,5.049384390952707,0.6207256375161612,-16.89731983202235,-14.637522402176204
0,105,7.9443462974818075,9.367936850261056,0.004671287976867777,0.0,1.7505704925046635,1.7505704925046635,5.012417669341807,0.6507532675874285,-18.065099150144885,-15.805301720298738
0,106,8.094494251734075,9.366436602840219,0.004620776337359134,0.0,1.7977713411506953,1.7977713411506953,4.388912568957447,0.590383423478007,-17.7192208454728,-15.459423415626654
0,107,7.193969062875141,9.394866762901845,0.01435823097234934,0.0,2.2002624984029473,2.2002624984029473,8.867679992289593,0.7518784506978076,-20.792102955997244,-17.959902151588402
0,108,7.620753607064821,9.336779979567465,0.01506843722725626,0.0,1.2705621874246282,1.2705621874246282,4.695495276365112,0.7294082705566688,-18.94536616002714,-17.005739560875142
0,109,5.942499553778476,8.040110991069861,0.010620154517341884,0.0,5.91904391297104,5.9190439129710395,11.624610152159908,0.49081785664259436,1.1830762805424824,2.774657371735965
0,110,5.942599153983958,8.118652116771262,0.008487858979800311,0.0,9.796519992737743,9.796519992737743,16.43945028175465,0.4040846971865947,6.72545141735607,8.317032508549552
0,111,5.822534476657103,8.428686814512867,0.011573671484276904,0.0,6.581285906669328,6.581285906669328,15.710941461280372,0.5811017485560039,2.3496836799017276,3.9412647710952102
0,112,5.597176108578665,8.362784745787652,0.010800552988587953,0.0,6.87513833390519,6.87513833390519,17.98326586698692,0.6176924489268469,1.3160613782900548,3.255687977442056
0,113,6.3231809604324125,8.222695560386228,0.007430084394013603,0.0,3.7953579872276935,3.7953579872276944,9.079880498254562,0.582003530998312,-5.813534945248339,-3.8739083460963375
0,114,0.04626156489309934,6.713178294573642,0.04041462305274823,135.6551388508011,0.11699559468484255,0.11699559468484255,48.43632704250082,0.9975845485851521,-31.085592170461908,-30.296693861117028
0,115,0.2688573751557665,5.496249062265554,0.04810313559795332,147.84945615715597,0.2234349640949772,0.2234349640949772,37.86010768563291,0.9940984065351783,-20.624611498744397,-20.306845332025055
0,116,0.03788426340878191,7.194454863715928,0.09349772181998306,49.209569124479806,1.039276670473905,1.039276670473905,117.18827628820712,0.9911315644926976,-28.407453146405388,-25.851223827944352
0,117,0.04676168810863777,7.296699174793699,0.18537236207027874,45.0682201816573,0.20221281597628885,0.20221281597628885,80.20081592950469,0.9974786688435435,-35.95962850983749,-34.36804741864401
0,118,1.4712428239846762,7.050887721930484,0.17652628967755168,32.115010994176366,1.5106525221854783,1.5106525221854783,40.03648522297004,0.9622681033619112,-8.06214597359213,-7.273247664247252
0,119,1.152788186657504,6.744811202800702,0.3536420837616683,11.041907773476856,0.42411079480359465,0.4241107948035947,39.725656734402556,0.9893240079669643,-19.494866140502268,-18.705967831157388
0,120,0.007042485529377167,6.497652582159628,0.03449873220024813,97.19183186564985,0.10766987173261423,0.10766987173261422,48.68204335559524,0.997788304181356,-37.31270569450332,-36.102365322527135
0,121,4.359546164224489,6.13380281690141,0.034242894130172896,574.5239671164088,18.348546547936568,18.348546547936568,18.34854654793657,2.220446049250313e-16,14.706745369631308,13.873783246543528
0,122,0.01877966691836954,7.1862284820031315,0.0825472156542868,59.61672322851382,1.0459625365734602,1.0459625365734602,89.97659364154113,0.9883751707611816,-24.760153508622324,-22.50035607877618
0,123,0.05518481417468843,7.358372456964008,0.1269217688359101,10.192552829025708,0.280374120477636,0.280374120477636,77.8399389959597,0.9963980685995631,-41.87553714725725,-39.6157397174111
0,124,0.9107981320512332,7.659624413145542,0.18707746347229248,17.568841364086676,0.3050606678053663,0.3050606678053663,75.39509356609148,0.9959538392569545,-36.065815133267165,-34.126188534115165
0,125,0.7347417840125551,7.835680751173707,0.33148516222130975,10.798040049218402,0.5217366674124988,0.5217366674124988,53.94873151270692,0.9903290280830864,-17.630351778531,-16.84145346918612
0,126,-0.9249606490436311,3.0428743961352644,0.026438043810123046,25.1337747223736,1.3911443297379835,1.391144329737983,16.84854080608659,0.9174323553743344,-11.724584257387956,-10.514243885411773
0,127,-2.561367259808343,5.567028985022535,0.05678795954824034,26.08480528990443,0.05179382617737904,0.05179382617737904,24.46577349696443,0.9978830088415637,-26.344761301480588,-26.561120705259334
0,128,0.014492714014741644,5.805555555555555,0.06654436843900324,114.71436498289412,0.5658412289704947,0.5658412289704947,65.04599335412207,0.9913009057162068,-32.747084453118674,-30.48728702327253
0,129,0.25603864819199246,5.855877616747182,0.1223962725135439,32.42772966222118,1.0665008892179226,1.0665008892179226,50.16583185527485,0.9787404922877645,-21.046282685044005,-19.106656085892006
0,130,-1.499950937979133,7.1843800322061195,0.2169438827320136,1.0590668605575924,0.5276480552918541,0.5276480552918541,72.27690685472676,0.9926996314832288,-25.40943157499943,-23.817850483805948
0,131,0.2560386505868069,7.695652173913045,0.34293610736471236,7.573191950629104,0.2107357809641615,0.2107357809641615,57.164402903218374,0.9963135138257116,-25.789372574024902,-25.000474264680022
0,132,0.020320241274212704,6.0539021611622434,0.05816289809073116,88.69068131822294,1.2651888735816672,1.2651888735816674,62.49931756351849,0.9797567569870528,-15.789412400434024,-14.197831309240541
0,133,0.1441888885599631,7.012964383351046,0.06297724855195597,69.02200967317091,1.09230592325783,1.09230592325783,45.98365184115997,0.9762457769332685,-5.003334130245461,-5.219693534024208
0,134,0.09150582280228353,6.17210247097395,0.08898604960748457,78.80408950262569,0.5527593169291273,0.5527593169291273,37.66938299553162,0.985326032098941,-20.954176967875064,-19.74383659589888
0,135,-0.011794775495554608,7.419184931186373,0.15944653363293138,27.210332294178176,0.8077532492639243,0.8077532492639243,105.68900671093952,0.9923572633105244,-28.119824118771824,-25.86002668892568
0,136,-0.021705791263311007,8.477165172752613,0.21286358226496627,4.523766203584542,0.8163696417664866,0.8163696417664866,98.75671496923982,0.9917335277705343,-24.253536208182453,-22.313909609030453
0,137,0.687537576239634,8.205045970442562,0.35751861112844074,7.321566994430787,0.5061408246036103,0.5061408246036103,67.39221199346805,0.9924896243997353,-17.903484246326435,-17.114585936981555
0,138,0.1750782476196721,5.691510172143904,0.06225589996622527,121.66653828038986,0.45119902005175305,0.4511990200517531,57.827372782241575,0.9921974836769636,-27.13116225817145,-25.539581166977968
0,139,0.03325508607198667,4.90414710485127,0.0795952020048698,125.36249728857791,0.12302667509142068,0.12302667509142068,27.136552141924145,0.9954663851749481,-20.28884957861283,-20.505208982391576
0,140,0.32668231952930404,5.351623630672876,0.08026654124333454,94.00236690088191,0.046490801455786546,0.046490801455786546,41.3424071046147,0.9988754694099417,-52.13035684602009,-50.53877575482661
0,141,0.04303575144157128,6.032211789254001,0.14604471040854383,31.051299674823753,0.6439112033750033,0.6439112033750033,71.65436205639776,0.9910136496244543,-31.066869436453544,-28.8070720066074
0,142,-0.08878968212104613,6.729916536254525,0.17075087625280005,1.8002191206363936,0.4104255022075053,0.4104255022075053,60.046966724708525,0.9931649253143936,-32.50560996354814,-30.56598336439614
0,143,0.26224579411612603,6.537558685445977,0.34394225062255024,10.738985169789826,0.06099485382050153,0.060994853820501516,36.8913566164852,0.9983466356508764,-31.011258589166445,-30.6934924224471
0,144,0.1905982903965941,7.573076923076899,0.049843867139387044,125.10523661433129,0.5784692201821752,0.5784692201821752,79.28354883483033,0.9927037925435542,-20.499550330117568,-19.289209958141385
0,145,5.892165238837932,7.145726495726472,0.023566233553137472,916.898589139638,12.50768561131797,12.50768561131797,12.50768561131797,0.0,12.407503010260958,11.574540887173178
0,146,-0.012393600094991677,6.372934472934455,0.1081046070998335,114.94372522455613,0.6529744726664095,0.6529744726664095,94.26395842815899,0.9930729147857285,-30.885165804235953,-28.625368374389808
0,147,-1.5956655434857532,7.904273506851541,0.18726986674778234,7.727845561518722,1.508991344981743,1.508991344981743,72.34665856460686,0.9791422109200222,-13.85099211490456,-12.259411023711078
0,148,-0.16780235750198444,8.531054131054107,0.25718771875561597,2.768450651117441,2.0922519627657334,2.092251962765734,100.68153680266343,0.979219109787065,-12.959988036941958,-11.020361437789957
0,149,0.23333329915490303,7.647863247863222,0.49837268478736374,11.14881989417621,1.17055165008462,1.17055165008462,73.61631094715105,0.9840992894777768,-10.35774499462256,-9.568846685277682
0,150,-1.5668012338950839,6.347560975609761,0.04350610651303288,6.726183517251166,0.7218120420686872,0.7218120420686872,57.0981707317074,0.9873584033810762,-18.285755965197293,-17.07541559322111
0,151,5.243902440997287,7.2439024390243985,0.04106780610220717,571.0673032773494,24.543426531826345,24.543426531826345,24.543426531826345,0.0,16.452107544686328,15.619145421598546
0,152,0.121951230349987,6.902439024390249,0.0967699806618032,65.52743781518694,1.3308917878096551,1.3308917878096551,96.2743788038258,0.986176054269625,-21.628301596061295,-19.368504166215146
0,153,0.11585359604086062,5.82926829268293,0.1698575735277521,46.30166757166986,0.7924101224865099,0.79241012248651,62.15209200872508,0.9872504674118568,-24.610994074741285,-22.671367475589285
0,154,0.35365854463221946,7.268292682926836,0.2770811817628811,21.344819472873944,0.37689044165899366,0.3768904416589936,66.75414931588352,0.9943540522121624,-24.783858324412464,-23.57351795243628
0,155,0.5365853609671446,6.292682926829272,0.47930404121284886,14.191038936027976,0.14765110405478607,0.1476511040547861,35.70134964306965,0.99586427108412,-23.938757879896436,-23.62099171317709
0,156,0.10912125826604935,5.805030758320708,0.04264998319200486,94.28719431968686,0.6709076517527164,0.6709076517527164,48.412454462414765,0.9861418376902666,-19.017088722663626,-17.806748350687442
0,157,-2.186182951781188,6.1510915556279535,0.055767308700383156,11.789027385499196,0.010260653759307573,0.010260653759307573,21.720774016040142,0.9995276110440756,-30.227189147600768,-31.06015127068855
0,158,0.38796992815928816,6.691020821104095,0.06901330215453472,62.8209304799137,0.4752963275814487,0.4752963275814487,85.6256501428418,0.994449136131655,-39.360238121487846,-36.80400880302681
0,159,-0.003766504499845884,6.180860226364057,0.1279626708892534,26.434215609308072,0.4160920232649678,0.4160920232649678,56.98892744274128,0.9926987216300389,-32.34106579840709,-30.401439199255087
0,160,-0.6043867870187603,5.840474081915878,0.17590044232736024,5.944385757672631,0.62368983279389,0.6236898327938899,36.91569277308116,0.9831050215790971,-16.023940069203228,-15.23504175985835
0,161,-2.6148196453961314,5.598371064475768,0.4112184083424144,1.2538086673251376,0.13110274333854358,0.13110274333854358,16.64769182828256,0.9921248696401375,-14.941200592705421,-15.774162715793201
0,162,0.1164148228602325,7.253432868352217,0.06280517177879741,187.18713781115054,0.8481395018359628,0.8481395018359628,76.93444604919114,0.9889758158355534,-13.257412544567757,-12.468514235222878
0,163,0.3275574068415731,7.839054780587038,0.06585662358346434,167.78497064427398,0.3290558779280031,0.3290558779280031,67.36411975419347,0.995115264934379,-13.402064949769688,-13.618424353548434
0,164,0.03275446604417865,7.047270052310375,0.1054848791418388,92.45477706575046,0.5452567736229013,0.5452567736229013,113.14764448494567,0.9951810152468932,-33.22882151013385,-30.969024080287703
0,165,0.05267338367998976,6.825171946139685,0.14642791439757552,32.90672671445918,0.9783567185344892,0.9783567185344892,74.96430321063416,0.9869490320508214,-22.081450988320388,-20.141824389168384
0,166,0.3634117796347132,7.145869659982561,0.2210870194891743,21.55209590100748,0.19147436361613962,0.1914743636161396,54.77538604316898,0.9965043721742968,-26.65203335303886,-25.86313504369398
0,167,0.4470720765936153,6.100116245277532,0.3706986767909115,14.756749206107429,0.12978165506443518,0.12978165506443515,41.65915089038623,0.9968846783409985,-30.152137549240223,-29.363239239895343
0,168,0.10416664368305525,5.859375000000003,0.04657486285721535,133.7725153711303,0.3055085353031561,0.305508535303156,50.81623263888892,0.9939879735384131,-26.883626549556126,-25.673286177579943
0,169,0.18750000754849167,7.350000000000003,0.10229022498764606,67.48101282183806,1.8612999134735182,1.8612999134735182,123.64724485367074,0.9849466931861178,-20.24895090892325,-17.692721590462213
0,170,0.22500001436366024,6.037500000000001,0.05731927632768308,127.60124554521894,0.12381650782441381,0.12381650782441381,39.56928571428577,0.9968708935329679,-20.244053137938494,-20.46041254171724
0,171,0.015624780640042366,6.5729166666666705,0.19751034590399685,44.18619199652147,0.6166750752611825,0.6166750752611825,61.99284939236113,0.9900524805472618,-19.859981071062112,-18.64964069908593
0,172,0.43750000835300173,7.015625000000002,0.3182959239527652,21.97037906105027,0.3488126576840026,0.3488126576840026,56.47412712191363,0.9938234962546477,-21.2540038813928,-20.465105572047925
0,173,0.34944435137618485,6.12500000315023,0.4515498296135567,11.114370536443953,0.1342454992323632,0.1342454992323632,31.97981770833335,0.9958021805985035,-24.700212904848165,-24.38244673812882
0,174,0.26596941249371675,5.948155653552893,0.043730484702475536,137.70579176466558,0.27205199264197466,0.2720519926419746,48.8321993496388,0.9944288400632115,-28.043471745278836,-26.833131373302653
0,175,0.5213934518118506,6.803868568361258,0.05902264119420253,122.80582500352746,0.046624744598569114,0.046624744598569114,44.779242948637915,0.9989587866714932,-27.08073819507007,-27.297097598848815
0,176,0.3552931495411414,7.441442791017956,0.0873774509483276,83.9866431194125,0.4998180069595418,0.4998180069595418,99.10010423612023,0.9949564330853916,-34.35998767469834,-32.10019024485219
0,177,-1.6172799986704547,5.80720699886114,0.15714103705287696,7.710316346751275,1.0211156527666332,1.021115652766633,60.41997069603279,0.9830996996356756,-21.56813011609738,-19.62850351694538
0,178,0.3503937825773368,5.828238404200399,0.27573397027250857,28.105967976806554,0.48877097039822553,0.48877097039822553,36.36012797736536,0.986557501373414,-14.36242243277771,-14.044656266058366
0,179,0.2746329613678219,6.052653058899912,0.4791268599683758,15.1315478049601,0.39512554259160393,0.39512554259160393,36.28710130917834,0.9891111296208258,-16.063946215296525,-15.746180048577182
0,180,0.2585447425552329,6.4909318139059256,0.0472988075298757,132.59556924196946,0.4680266658831916,0.4680266658831917,50.33577986358847,0.9907019089174428,-18.60809125276925,-17.81919294342437
0,181,0.28041683899771236,8.879730865060184,0.07888891050624203,148.35424166611025,0.5853324217856561,0.5853324217856561,63.63947186526778,0.9908023683316406,-5.96400891998951,-6.79697104307729
0,182,0.1766118791422321,8.743527153890748,0.12205055437610834,92.89706923538789,1.0368174703580595,1.0368174703580597,129.9959904886679,0.9920242350055524,-17.979133136618987,-16.387552045425505
0,183,-0.02357081083594352,7.765129520629794,0.19310954326730023,34.93898812267088,1.0878810485629058,1.0878810485629058,91.30158261246785,0.9880847514639429,-17.450298067772557,-15.858716976579075
0,184,0.5855739903200584,7.995079281178642,0.31585333691081185,22.19916314469333,0.3266713270090361,0.32667132700903606,70.10331226857122,0.9953401441895137,-21.84422776362478,-21.0553294542799
0,185,0.3633438304974799,7.212068766430827,0.5221740763439242,11.828001672496326,0.16651746543282217,0.16651746543282217,70.3005546045169,0.9976313491924839,-32.952401705626144,-31.74206133364996
0,186,4.145254369937925,9.433542589043808,2.6807523780135725,0.0,1.4315481927371156,1.4315481927371156,27.576618991862702,0.9480883355149688,-3.1100754671555606,-3.3264348709343077
0,187,2.7895452670296987,6.305121257407102,1.3389344637915506,0.0,0.08521920607189776,0.08521920607189776,6.0225882165904085,0.9858500692713567,-17.525727498399235,-18.358689621487017
0,188,3.6593197982249217,4.804097006541995,0.23485301049844431,0.0,0.7314851096687383,0.7314851096687383,1.0233197792760604,0.28518423616689825,-7.810119945699432,-8.02647934947818
0,189,5.10982951257118,9.375550660792948,2.82323433775193,0.0,0.27276926417415787,0.27276926417415787,15.583413385342855,0.9824961799171218,-10.545330979430148,-11.378293102517928
0,190,3.7011592657474766,7.7334801762114544,2.7949543390648777,0.0,0.30993371254809204,0.30993371254809204,14.165590411871637,0.9781206639796426,-9.778937824516149,-10.611899947603929
0,191,3.5606728206367033,5.944933920789979,1.0256672960808837,0.0,0.19316808249738954,0.19316808249738954,3.677408999463083,0.9474716892992885,-12.615724267266359,-13.448686390354139
0,192,4.863709293002621,9.491189427312776,1.1212962502974717,0.0,1.5527151483024242,1.5527151483024244,24.735585786644442,0.9372274761675228,-7.814975232474893,-7.026076923130015
0,193,4.045031269783277,7.41511378390358,0.6284584893688552,0.0,0.6083422888672034,0.6083422888672033,10.160414523860352,0.9401262332911129,-16.248179418874244,-15.459281109529366
0,194,3.813553223454332,9.634053997047037,2.8913856878592927,0.0,0.09027046767182527,0.09027046767182527,16.18707905214373,0.9944233009932777,-17.18022632861421,-18.013188451701993
0,195,3.4587582059481856,8.934017085003163,2.5558357612977223,0.0,0.09990556515165816,0.09990556515165816,13.774174341132214,0.9927468926501589,-16.57173614130081,-17.404698264388593
0,196,3.477487075414929,7.215872178865213,1.7572543099995812,0.0,0.02952485053116717,0.02952485053116717,6.434187930442152,0.9954112545591844,-23.885694691536788,-24.718656814624566
0,197,3.2180994188211445,9.382043479854827,2.2941258154636657,0.0,0.5824423813452639,0.5824423813452639,29.221187989542322,0.9800678062249314,-9.40504614544912,-9.621405549227866
0,198,3.0603845251019868,5.727517688977719,0.6643437879256735,0.0,0.52934576699924,0.52934576699924,5.34582281536793,0.9009795525812228,-10.074165101167516,-10.290524504946262
0,199,3.46284040375372,5.71782087472963,0.6397146364870603,0.0,0.16351099602689112,0.16351099602689112,4.120765761805133,0.9603202401013777,-18.29749630182142,-18.513855705600164
0,200,4.757959319583054,9.248828184559086,2.7005336664565416,0.0,0.13685973382098046,0.13685973382098046,11.410922821248658,0.9880062519075031,-9.99118315396909,-11.553431504232687
0,201,3.5842988366676267,9.127293831799603,4.529518382487772,0.0,0.13485222927706186,0.13485222927706186,21.122246426648957,0.9936156303381195,-10.065068052176766,-11.627316402440364
0,202,3.8264401794604557,8.611065479030284,3.997046629619123,0.0,0.2616661585474271,0.2616661585474271,16.196160449335892,0.9838439388541526,-6.750618520803954,-8.312866871067552
0,203,4.1576463200102465,8.83431821974419,1.755719096335255,0.0,0.823387790086101,0.823387790086101,16.675766252126692,0.9506236908315326,-6.981667032260802,-7.198026436039549
0,204,3.342040889680723,8.364630471273056,1.9921098065034508,0.0,0.16562316706312907,0.16562316706312907,20.611114634831928,0.9919643760176253,-18.207652087027988,-18.424011490806734
0,205,3.5703773608965585,7.758513050562954,1.69635502639377,0.0,0.39660720712056646,0.39660720712056646,14.830937612020321,0.9732581164120655,-12.095033278958358,-12.311392682737104
0,206,4.205432883724153,9.474693473764152,7.706707553985783,0.0,0.23010087402130172,0.23010087402130172,11.419977703047433,0.9798510224796761,-7.393376979705057,-8.955625329968655
0,207,4.291922614390731,9.551977056748571,9.86595292152464,0.0,0.09022185299397056,0.09022185299397056,11.833039124371862,0.9923754284891912,-12.074607605152572,-13.63685595541617
0,208,3.4869906775971393,9.304387796908255,9.215912912261851,0.0,0.045970371014356456,0.045970371014356456,14.364903876203483,0.9967998135309134,-15.445980554188104,-17.008228904451702
0,209,4.998382203927579,8.544857768052513,4.166799424914269,0.0,0.34155359689192805,0.34155359689192805,7.997232450239164,0.9572910254869841,-9.196060816019411,-10.029022939107191
0,210,4.743311693342298,9.149890590809626,7.718597535521917,0.0,0.16986215364909357,0.16986215364909357,17.831846613262876,0.9904742252817073,-13.387165005838753,-14.220127128926533
0,211,4.233763587438108,8.544857768052513,6.759778993809703,0.0,0.2636456009958647,0.2636456009958647,16.040763103167038,0.9835640237749156,-10.749453804325878,-11.582415927413658
0,212,4.736549876274844,9.203125,10.173073774694034,0.0,0.35039809914155007,0.35039809914155007,8.928417968750004,0.9607547383682121,-5.290616285965296,-6.852864636228895
0,213,4.134195948141459,9.203124999999998,15.827084359355066,0.0,0.2592225584220678,0.2592225584220678,25.23067220052084,0.9897258956732545,-10.850966539418259,-11.68392866250604
0,214,3.5956259936005477,8.648437499999998,13.818152373084503,0.0,0.06763878449327214,0.06763878449327214,23.909993489583304,0.9971711082011486,-18.911999167460554,-19.744961290548332
0,215,4.287561077883446,8.625036252900234,6.948555904821063,0.0,0.10476463461511003,0.10476463461511003,14.350996212530227,0.9926998353937522,-21.41364418344993,-21.630003587228675
0,216,3.596129571726828,8.945729408352669,14.773337583170585,0.0,0.18567003391931308,0.18567003391931308,30.08863664753297,0.993829230746002,-17.40786038652448,-17.624219790303226
0,217,4.071938371296989,8.607175657385925,12.196023962434833,0.0,0.08426501474358081,0.08426501474358081,21.318718750874183,0.9960473696506679,-22.937890606998494,-23.15425001077724
0,218,-0.021390437760954742,6.139037433155052,0.0014956231023492972,1371.468491251787,0.0850821493030087,0.0850821493030087,24.00838838209048,0.9964561490780248,-17.535384976333734,-18.368347099421513
0,219,0.19786096256685817,5.622103386809246,0.00382035725106622,5991.143710202022,0.3391766040397614,0.3391766040397614,38.17379474881781,0.9911149361421485,-13.190011503065275,-13.406370906844021
0,220,-0.30370314537934506,6.599291160992372,0.0014783970941405489,768.0878216331295,0.25619586288515556,0.25619586288515556,20.013588113563276,0.9871989039930561,-15.154062306861086,-15.370421710639832
0,221,0.34013533571971155,6.939963484051117,0.0031579681906359625,3679.4356342961873,0.4659720715554667,0.4659720715554667,50.85045349943671,0.9908364224999364,-10.96677809594555,-11.183137499724296
0,222,0.010310645453193518,7.111373644076897,0.006387082628798169,462.5002413189347,0.3449822115059044,0.3449822115059044,45.72842441929073,0.9924558474102954,-5.368501682833177,-6.930750033096776
0,223,0.010310385565465922,7.764579529588659,0.015331527298096503,216.7963385374942,0.7914119219750191,0.7914119219750191,44.43277147174853,0.9821885537237258,-4.154176929766848,-4.987139052854628
0,224,-0.30630018862343344,6.382978723404256,0.0019811957352604548,188.49584333450028,0.03875211030350627,0.03875211030350627,12.479266636487107,0.996894680478242,-16.3000398882721,-17.862288238535697
0,225,1.585812576125438e-06,6.382978723404256,0.001679284962867511,282.81469773155993,0.046900125330919834,0.046900125330919834,37.51152953825263,0.9987497143969272,-33.11341178329798,-32.79564561657863
0,226,0.010638294043215068,7.6276595744680895,0.015727660713919178,288.06050654740136,0.22274532701803038,0.22274532701803038,45.561886977516245,0.995111147895873,-11.760913964044168,-12.593876087131948
0,227,0.01063837231183364,7.771276595744684,0.018265238961934216,174.18216455133447,0.10484933220404782,0.10484933220404782,51.58112645239176,0.9979672927015113,-16.281942159655916,-17.114904282743694
0,228,1.0100731524574627,5.947212279355977,0.03232127968692722,26.827207343412304,0.823114781623573,0.8231147816235729,67.76948005244826,0.9878541965942996,-51.64287339720374,-47.86511748053798
0,229,0.6049998170251284,6.110533539517309,0.07451413778453664,0.0,0.8196488085242195,0.8196488085242195,45.70062771137714,0.9820648238422299,-27.92977271275555,-25.669975282909405
0,230,0.4666991437175786,5.470289312135839,0.23096117654460446,0.0,0.3727572835169648,0.3727572835169648,20.03475221599743,0.9813944650027004,-12.529165542423225,-12.745524946201972
0,231,1.010287436792425,5.39918046704536,0.5208825379443025,35.88284653947393,0.1656777101998616,0.1656777101998616,29.19417471075077,0.9943249736688446,-33.00295975603254,-31.792619384056355
0,232,0.9939183690084813,1.007470638623068,2.6182710130884246e-05,0.0,0.0003981778539743116,0.00039817785397431156,0.0004797741946833269,0.17007238324452334,-173.2510271635935,-169.91817378736863
0,233,1.0160344048239196,4.796008396438666,0.03613903841937316,104.22153719022793,0.2814974743527703,0.2814974743527703,29.540468399440826,0.9904707850076575,-41.82355509310418,-39.56375766325804
0,234,1.1886824527067177,5.158214758274071,0.05978651758269349,0.0,0.389899186834314,0.389899186834314,15.337916043239602,0.9745793896814184,-20.251824813162667,-19.46292650381779
0,235,0.5002282558662823,6.841671842078629,0.25729412458753753,0.0,0.49193544104743064,0.49193544104743064,47.61746586674346,0.9896690125756775,-38.87851165337358,-36.32228233491254
0,236,1.010248527760119,6.6867437375172365,0.32083964402040643,42.90471004995327,0.5095861817437541,0.5095861817437541,45.60884477367203,0.9888270315928301,-25.792567201554142,-24.20098611036066
0,237,1.010672271893195,1.0242851216084248,2.0244408155623006e-05,0.0,0.00039434492341328174,0.0003943449234132818,0.0004331330831450489,0.089552521479357,-161.7739730199217,-158.68361813096257
0,238,1.0183625878637381,5.956820175431892,0.03310800968687988,161.47216236260962,1.1545759006698364,1.1545759006698368,70.25576625375984,0.9835661047877612,-37.721164302340064,-34.388310926115196
0,239,1.0100185226678493,6.500726504898296,0.05898820894661938,10.946284487407148,1.9310856644329575,1.931085664432957,43.99494258343448,0.9561066442859714,-13.921891415139186,-11.982264815987184
0,240,1.0100184148528653,6.505827975506318,0.28383602466825497,10.28902291261596,0.012476104787421043,0.012476104787421042,38.72642112777779,0.9996778399752909,-51.230481926392706,-50.441583617047826
0,241,1.0227125650119469,1.03135142854476,3.380683955001018e-09,0.0,0.000308736706110044,0.00030873670611004396,0.00030873334817286147,-1.0876496505440869e-05,-95.85606821076578,-94.6457278387896
0,242,1.006057114065859,1.029515169181458,7.753399807719497e-05,0.0,0.00037223794197236435,0.00037223794197236435,0.0008988207658472826,0.5858596550987889,-162.69705602317367,-159.60670113421455
0,243,1.0107420990179699,5.497357981964889,0.033401385190359845,266.8429735413041,0.15988837029577385,0.15988837029577388,37.096154897935556,0.9956898937171337,-71.33037652818122,-67.99752315195636
0,244,0.8942849138723752,6.314439398767123,0.09110398013245291,0.0,0.4896528196004322,0.4896528196004323,29.251860100594634,0.9832607971624178,-26.23149337553599,-24.639912284342508
0,245,0.6577873451375722,5.557036299135334,0.16677599329015003,0.0,0.35501430920039184,0.3550143092003918,22.38496602036502,0.9841405026535482,-16.920309795137197,-16.602543628417855
0,246,0.9201263008746673,6.375822810713867,0.25413430782248514,0.0,0.35051726868145483,0.35051726868145483,21.07486226528464,0.9833679924324421,-5.2889160872462515,-6.85116443750985
0,247,1.009548527193031,3.7977195089505567,0.051953957390358685,45.08740080253445,0.046317800683366925,0.04631780068336693,12.166681895509054,0.9961930622431688,-33.213363755628215,-32.89559758890887
0,248,1.005661561111773,4.324597267096262,0.06688588229862624,299.182658395564,0.3052468864285546,0.3052468864285545,23.529127578800402,0.987026850638373,-45.559683740204015,-43.00345442174298
0,249,1.0101218476938691,5.220553524137919,0.09805053307757361,81.48555578358845,0.32123961567431886,0.3212396156743188,30.336397103590443,0.9894107525499032,-26.38153061038411,-25.171190238407927
0,250,1.4421903452687685,6.245569545751993,0.08896480848066823,0.0,1.209597373611729,1.209597373611729,29.983695382558423,0.9596581622719075,-7.113231892205292,-6.795465725485949
0,251,0.5246546131346453,5.2458088983520215,0.16972703829761238,0.0,0.9629208498934303,0.9629208498934302,21.822606214013465,0.9558750755775868,-12.115077751705144,-11.326179442360266
0,252,1.0001723906756002,6.119606673727039,0.2908270060520104,36.57387549227733,4.357944281364717,4.357944281364715,45.583160977124756,0.9043957420251815,1.4729828636250986,2.261881172969977
0,253,1.0079573349879203,1.0142608957387342,1.6555984265753665e-06,0.0,0.00020568535107674582,0.00020568535107674585,0.00020600525986092048,0.0015529156119149512,-209.23843720193906,-205.4606812852733
0,254,1.0159095264269602,4.561098908043736,0.03060549205730978,0.0,0.6695806777251277,0.6695806777251279,29.440532099555583,0.977256502176629,-46.98338833229776,-43.65053495607289
0,255,0.7948353247557589,4.797776611686671,0.14999384207393107,0.0,0.13926141678215204,0.13926141678215204,15.786837169165796,0.9911786372856146,-24.40675166041452,-24.088985493695176
0,256,1.5101026484381501,5.183433764958151,0.11424342049196601,0.0,1.3883051043729728,1.3883051043729726,14.80902591855217,0.906252773679479,-6.010863103364088,-5.693096936644745
0,257,0.7659676210334192,5.305784744661905,0.3731249195900337,0.0,0.2065304755090689,0.2065304755090689,15.51976841588826,0.9866924254296453,-16.662522117573705,-16.87888152135245
0,258,1.0063976260369991,1.0192044864648109,2.9899383789278033e-05,0.0,0.0002796259443504285,0.0002796259443504285,0.00037742828819644974,0.2591282818608327,-191.3037313393487,-187.74224430776405
0,259,1.0310858589536285,5.5971804315337765,0.05092390489576637,164.4137232823198,0.3745338726907453,0.3745338726907453,44.171766593516296,0.9915209668624455,-42.69582506741094,-40.1395957489499
0,260,0.5683090989348671,5.864837668571707,0.11131310296366492,0.0,0.49065609409188743,0.49065609409188743,27.8389299725525,0.9823751812811898,-10.605453755111746,-10.821813158890492
0,261,0.9652943058727936,5.68309995891602,0.14345850310875918,0.0,0.593383410049102,0.593383410049102,18.501453740097162,0.9679277413340177,-12.810848565169465,-12.493082398450122
0,262,0.9082604345966862,6.02528355587964,0.20575209933385863,0.0,0.1496423808675642,0.1496423808675642,23.478865490946646,0.9936265071698092,-23.831588005381168,-23.513821838661826
0,263,3.7156960652480624,6.399277524375556,0.03168762530840197,0.0,0.2241894008564262,0.22418940085642625,9.631650580866227,0.9767236779434472,-29.97849137850706,-28.768151006530875
0,264,3.852709015375018,21.253197831202243,0.14624656018109872,0.0,3.7739426342721343,3.773942634272134,600.7637753825011,0.9937180922204084,-15.11149561047688,-12.021140721517755
0,265,3.8320301114731947,21.0203806055515,0.45887606558513183,0.0,2.351686259642487,2.3516862596424866,551.0469352736144,0.9957323303894707,-28.634304335798255,-25.072817304213597
0,266,4.022277948760791,21.284534787153312,0.7261454909078247,0.0,4.317333576458906,4.317333576458906,517.9471875444175,0.991664529356888,-12.959211811499667,-9.868856922540543
0,267,3.5225384131941873,22.178167523399054,1.6530329319892116,0.0,1.727751413391222,1.727751413391222,530.0602046799783,0.9967404619359524,-18.23567122045242,-15.975873790606274
0,268,3.4241729214061585,11.59798957371984,0.05177875839817836,0.0,0.16428193981842865,0.16428193981842865,69.8386180256661,0.9976476920010351,-28.030561833687074,-27.241663524342194
0,269,4.049828996664263,19.30917876117549,0.15683718920926304,0.0,5.46044588789476,5.46044588789476,686.9974288457655,0.9920517229634048,-17.964036453638943,-13.98110735942298
0,270,4.225348561557505,20.166159487166713,0.44406262523428697,0.0,4.569922086290809,4.569922086290808,469.00543534501884,0.9902561425904819,-7.673856433286286,-5.117627114825252
0,271,4.128805253192183,20.210565606103273,0.6970529632715141,0.0,6.853420503191741,6.853420503191741,556.5504836602817,0.9876858960608234,-7.4439130389759,-4.111059662751035
0,272,3.5344725718140824,21.022195338937262,1.265072782503149,0.0,1.289247545237103,1.289247545237103,534.2511274107443,0.9975868136179975,-28.80987176768585,-25.977670963277006
0,273,4.266872774891722,20.986094135840975,2.1104828441082355,0.0,1.6719431798396296,1.6719431798396296,487.08648646690756,0.9965674613722768,-18.662516747437714,-16.40271931759157
0,274,3.240117355927483,10.357142857142879,0.06302730321812744,0.0,2.573239255744698,2.573239255744698,63.36258369225427,0.959388662743889,-3.268531551559253,-2.4796332422143745
0,275,3.6588886480581158,18.747252747252762,0.1822053302734914,0.0,1.3692224440305794,1.3692224440305794,574.5536707364362,0.9976168937494114,-41.97372323146536,-38.195967314799596
0,276,4.00825578334554,19.593406593406602,0.42036548180636024,0.0,2.898741311211668,2.898741311211668,391.6040232661113,0.9925977744379765,-9.047560451569478,-7.107933852417476
0,277,5.298624843608637,20.93406593406594,0.6652514917027992,0.0,4.685505639608273,4.685505639608273,387.9037277177598,0.9879209574314339,-5.266181763257011,-3.006384333410864
0,278,4.894411803040571,20.531135531135533,1.1466823696117698,0.0,6.327160299964937,6.327160299964937,309.4181459566073,0.979551424560432,0.31933851094922794,2.2589651101012294
0,279,4.305549216410124,21.06593406593407,2.4896659780722654,0.0,1.0671815682986858,1.067181568298686,339.2105422050478,0.9968539257024224,-14.375639680484099,-13.165299308507915
0,280,0.13718555318619963,1.2802415286321214,0.007772481091588901,0.0,0.061089351637350596,0.061089351637350596,1.379897315882022,0.9557290597392729,-25.18929498268379,-25.405654386462537
0,281,0.11307140889425107,1.4124636722540236,0.009796495277781148,24.71649243123827,0.022268417164261235,0.022268417164261235,1.737150230562378,0.9871810642669332,-32.253472168640755,-32.4698315724195
0,282,0.09991222991918051,1.685382629472313,0.011061930067687964,0.0,0.0023705397425629864,0.0023705397425629864,2.0841750343960026,0.9988626004517658,-39.01838247708278,-39.85134460017056
0,283,0.11739474355342865,0.963043468694307,0.01425765842580251,0.0,0.08907542442565265,0.08907542442565265,0.6650988172682637,0.8660718947125647,-17.260187631504266,-18.093149754592048
0,284,0.5323500385917838,1.1968454835150752,0.0057460688760553325,0.0,0.07635688806429906,0.07635688806429906,0.5078845550074913,0.8496569991911394,-23.627730284429518,-23.844089688208264
0,285,0.5041935206040877,1.3757448909643692,0.0060009278485362305,0.0,0.11710973999268079,0.11710973999268079,0.8520898487234803,0.8625617472522136,-20.63387788928298,-20.850237293061728
0,286,0.5933131797931218,1.7139323553619397,0.0066984350485002064,0.0,0.027859725198576067,0.027859725198576067,1.2129720942992404,0.9770318498426205,-30.685383263724965,-30.90174266750371
0,287,0.5991326732360159,1.5918167187841572,0.009197202675985006,0.0,0.04312312067359171,0.04312312067359171,1.0163286281318604,0.9575697077894407,-27.627242925532165,-27.84360232931091
0,288,1.5273057881656942,13.353920073121635,0.5183023690069777,0.0,3.638044581583758,3.638044581583758,71.0828368356814,0.9488196484055126,3.4187532977060338,3.2023938939272867
0,289,2.3916251857804336,13.010410875099218,0.6392721917703656,16.273839162576166,4.520989987911898,4.520989987911898,136.09547202871303,0.966780746482454,4.9397459127663925,4.723386508987645
0,290,0.1771219302303141,14.097295446967038,0.3389172908429867,21.467256554952662,0.10902480099056736,0.10902480099056736,159.48401977616314,0.9993163904374646,-11.128089015225125,-12.690337365488723
0,291,0.9342130997438727,13.235838786301436,0.09569046412595794,0.0,0.5372191897943277,0.5372191897943277,102.6744844410772,0.9947677439753533,-6.478651373910349,-7.311613496998129
0,292,0.3695351057255711,7.557544130520037,0.11091501927565584,0.043454108588247164,46.744848790470805,46.74484879047082,959.4893653992035,0.9512815352872387,-169.05894179114242,-156.98982244388273
0,293,1.004943747268853,8.971703031715316,0.3425602834454702,6.93052669671147,13.80905413642078,13.809054136420778,681.569284216906,0.9797393244440485,-154.97708597371516,-145.06773871580234
0,294,0.6459664283536148,9.068879828597991,0.6881399393388217,2.8988759543068294,15.444049370595032,15.444049370595032,988.475877413508,0.9843758965458959,-202.05000481363635,-191.32147990513948
0,295,0.9594864460202256,9.314095817923084,1.0652949934633318,1.9892915591948777,9.674665587302421,9.674665587302421,868.5455683565403,0.9888610731091417,-189.50218694698768,-179.5476414680591
