,ID,N0,Nmax,Rmax,chisqr,RSS,TSS,Rsqrd,aic,bic
0,1,16541080.786300754,-1.6234478951421956,0.014351362672834433,5.685845037907088,5.685845037907088,21.53540744930885,0.7359768998431666,-38.63829301645613,-34.641679485930524
0,2,-585.1428422930795,-0.5430353832329078,0.00966015562055711,0.09756697144606624,0.09756697144606624,5.510476297897051,0.9822942761802096,-152.46378128912426,-148.46716775859863
0,3,-109.31914109457615,-0.6557250000798452,0.005886753034270553,1.6675078627472333,1.6675078627472333,21.83487514151311,0.9236309870361055,-72.98448029046357,-68.98786675993796
0,4,-16.819454516296958,-0.7346835832808536,0.004876577521323089,4.84868959264019,4.8486895926401905,27.79511490192164,0.8255560514950426,-48.674667009131,-44.47107486414453
0,5,-5.364568614896388,-127153.47898315705,0.0002444339602454271,11.21019050350392,11.210190503503922,13.130425590286125,0.14624317190470892,-15.873105982355284,-12.098816368290837
0,6,23490390.046328682,-1.2728471334179916,0.013848582864078196,5.522571035632948,5.522571035632948,15.540904047403107,0.6446428715608876,-39.45410774792501,-35.4574942173994
0,7,-8.900969906547559,-1.3435524339610707,0.006974464092211363,0.9222666299785277,0.9222666299785276,16.989038909763334,0.9457140197937557,-89.56751178462386,-85.57089825409825
0,8,-7.386341984828048,-1.577888438467746,0.0033695150230990123,0.4473837156114224,0.4473837156114224,27.57783669390571,0.983777418055772,-109.8232078805891,-105.82659435006349
0,9,-4.413104868923772,-2.0568616224331424,0.005218169070781764,0.11274414990617056,0.11274414990617056,6.058293092591185,0.9813901129933698,-148.41548353429826,-144.41887000377264
0,10,-5.257324131211128,-2.2090376551131,0.006445531854891939,0.08250559501511182,0.08250559501511182,7.9091817380562865,0.9895683778995591,-157.15862303303572,-153.1620095025101
0,11,39298756.69853149,-1.667251092860937,0.01605574089800821,3.3011117194107484,3.3011117194107484,16.620497114226275,0.8013830936148613,-53.862465985440856,-49.86585245491524
0,12,31619541.31009229,-1.590195059520675,0.014487134993956596,4.975470790091426,4.975470790091426,18.390469566409408,0.7294538471611822,-42.375166360296696,-38.37855282977108
0,13,-4.641777090097888,-0.8906944481115462,0.005650747157848635,0.34050643372252193,0.34050643372252193,7.243937993719612,0.9529942920525084,-117.46672152694985,-113.47010799642425
0,14,-3.87755437676487,-4.936703108276669,0.014249569974679632,3.5216508311485475,3.5216508311485475,4.588686694749135,0.2325362210546219,-52.05169004272599,-48.05507651220037
0,15,-6.265847496503724,-0.0016883055373667535,1.9950080276665005e-07,6.820157859316288,6.820157859316289,18.37645708694765,0.6288643764656636,-33.54501297769106,-29.548399447165448
0,16,-8.827651946123893,-0.4238010732015284,0.0014641225958620385,3.3341822595210022,3.3341822595210022,34.19831123287703,0.9025044764106469,-53.58335769170028,-49.586744161174664
0,17,-4.792746131072329,-6.094631103692222,0.0037126419402901956,5.79106304388612,5.79106304388612,8.555268564793543,0.32309979516980014,-35.567066764870695,-31.679556166857708
0,18,-4.066886567809171,-3.005135057115908,0.004718798391504464,0.13706336969847835,0.13706336969847838,1.807395567183851,0.92416526177939,-142.94645969644083,-138.9498461659152
0,19,17971003.011626624,-2.365921787227425,0.02061559276728775,14.05971428883608,14.05971428883608,26.678064498861715,0.4729859698241613,-13.288946455802108,-9.292332925276497
0,20,-4.03742549950922,-4.960612051319424,0.015007901283769831,3.888362341626925,3.888362341626923,4.627366574647145,0.1597029803234411,-49.27806012558173,-45.281446595056124
0,21,-5.450144003195839,-113674.72745686915,0.0006656520696564083,10.976105614091958,10.97610561409196,15.119738769354042,0.27405454673997054,6.9313560021833185,7.839111281165456
0,22,-4.214967872932214,-0.38116150590896,0.0005116054190130725,0.06813907952901237,0.06813907952901238,15.019890519144555,0.9954634103729211,-162.51544879518,-158.51883526465437
0,23,-4.159044414870369,-1.11806050945818,0.012251917551840519,0.1861044799212682,0.18610447992126816,5.998491330556803,0.9689747855476198,-93.24535909451454,-90.11179178134427
0,24,-6.019803303900194,-0.1510090002632821,0.011678888512539398,0.4590268480806464,0.4590268480806464,23.081145871478814,0.9801124757567664,-109.10383047119574,-105.10721694067013
0,25,-22.3336982631905,-0.8525540067924535,0.039282989128538004,3.2377666475924918,3.2377666475924918,20.90418010399898,0.8451139135099058,-48.16353155711352,-44.38924194304907
0,26,-12.807590842658596,-1.1820626807958419,0.05218731431547252,5.971882509740883,5.971882509740883,22.12054194564551,0.7300300090108567,-32.246892633499556,-28.47260301943511
0,27,-5.605132808273204,-2.0554175671185506,0.019253103375709513,1.3627099762312518,1.3627099762312516,15.696840428804736,0.9131857151499999,-55.19447634699342,-51.921348986918474
0,28,11106918.824056333,-0.7644631481104839,0.0553790636031517,4.29670638372868,4.29670638372868,18.176108293873057,0.7636069111022491,-32.58584521193523,-29.17936256414778
0,29,-5.983096545764138,-1.572668393509715,0.021978077952308217,1.6510145014246815,1.6510145014246815,26.385492736714454,0.9374271870569484,-54.58439815504807,-51.17791550726062
0,30,-5.069285598342774,-1.3421628170597197,0.02223699662541212,0.15955062682120313,0.15955062682120313,18.897247004352074,0.9915569380669862,-108.33042891079472,-104.92394626300728
0,31,-3.63838487156881,-1.5923400321150338,0.041948544822752565,0.337734592884581,0.337734592884581,1.5286341009851472,0.7790611941295018,-80.73036451438327,-77.596797201213
0,32,-44.95015434658358,-1.9623693864576952,0.19986629965285996,2.018097370041704,2.018097370041703,22.284244274625813,0.9094383751510196,-56.91801633342096,-53.26138885881636
0,33,-6.335666362187888,-1.663924432760136,0.04332607844564862,1.1727586126076017,1.172758612607602,15.838015191555218,0.9259529304383473,-62.451115437124216,-59.04463278933677
0,34,-6.632217253278349,-1.5642693273123873,0.04295389766619451,2.785864992026103,2.7858649920261027,22.979491903045457,0.8787673372509645,-42.55152342705766,-39.14504077927021
0,35,-3.749736148772735,-0.1942826831472875,0.015604762430546426,0.3879291764672686,0.38792917646726854,20.757547872896293,0.9813114160283933,-135.20538859834502,-130.80818088994585
0,36,-11.4455861769317,-0.7029144508017885,0.025555097716358777,2.3369125200895886,2.3369125200895886,21.215964717095975,0.889851225185792,-53.251130064491655,-49.59450258988706
0,37,-11.868779373569053,-0.5690420866422428,0.008142515823232888,5.259400838049714,5.259400838049714,31.75687016633497,0.834385416116191,-27.9359734100249,-24.52949076223745
0,38,7472183.871153591,-1.2050428878546544,0.2223150519627899,26.016115880891718,26.016115880891718,49.280360328652904,0.4720794306821401,8.834105347780906,12.240587995568355
0,39,26953580.366151936,-0.7074674151527617,0.05518773363573226,3.883561594055546,3.883561594055546,21.461007397864385,0.8190410393110434,-34.911055574741304,-31.504572926953855
0,40,-3.997343276439676,-2.1007378654197426,0.03427037768532837,1.104169955015448,1.104169955015448,2.9880491791598214,0.6304712911967807,-55.853999696085005,-52.72043238291474
0,41,36501466.0760226,-1.6726749440868767,0.041205346503062845,2.9388965121644834,2.9388965121644834,17.7019122957138,0.8339785858685965,-38.286182126172505,-35.013054766097554
0,42,-3.7377544633990105,-0.2809303005266795,0.020596060032317398,1.9706099772904393,1.9706099772904393,32.10805256010572,0.9386256773561246,-83.19656879468553,-78.79936108628635
0,43,-6.8387015400597075,-1.4058589975452758,0.006183104200018219,0.8166758456336496,0.8166758456336496,24.3233318100068,0.9664241785618505,-62.18774470927971,-59.054177396109445
0,44,-4.611146132680398,-1.0496598119092369,0.016728997413019808,3.2221913951143195,3.2221913951143186,18.81115131840496,0.8287084431689354,-39.20494819823737,-35.79846555044992
0,45,-5.444626656583393,-1.1656931278381866,0.020358611257396575,0.13123927322532108,0.13123927322532108,15.248982723481188,0.9913935719119655,-48.18767710134456,-46.73295715198056
0,46,29513872.32898532,-0.30769236519359544,0.018940073466630736,4.475090906957952,4.475090906957952,21.87225807291858,0.7953987698920376,-16.68967352823925,-14.190033496070601
0,47,-5.470151413404537,-0.425988335332114,0.006527305578133857,0.7364188853549406,0.7364188853549406,24.001618597425203,0.9693179490222406,-39.210095783135934,-37.0859451798293
0,48,19901772.975359466,-1.3656290340923039,0.1581160254251024,11.578559077061433,11.578559077061433,30.33677282405489,0.6183325383944444,2.1165724690146006,4.240723072321231
0,49,8965375.208843017,-2.2898063514708977,0.3616890060273559,13.821402246783794,13.821402246783794,24.10621256237642,0.42664563290396607,5.820253280568609,7.737425269414384
0,50,5828490.987815972,-1.4389139987911288,0.654287156396198,13.472088470324834,13.472088470324833,21.272570904450557,0.36669204061713767,4.388547350309878,6.512697953616508
0,51,-4.970044240647316,-1.6777206212041715,0.05872480860716056,0.5562168441975901,0.5562168441975901,12.058770240474432,0.9538744968926693,-34.970103338796385,-33.275255266411776
0,52,26217945.64591458,-1.669112390776761,0.24732012940173242,4.538634591851771,4.538634591851771,12.401583116286066,0.6340278052169385,-5.667365203952949,-4.2126452545889475
0,53,-4.461378725192922,-1.9720284421207093,0.1430484947763273,1.1078690658863817,1.1078690658863817,5.507665098761002,0.7988495948790338,-26.01264232012528,-24.31779424774067
0,54,-5.450920681419802,-1.8460649514631913,0.12810524989049998,2.1620952645094786,2.162095264509479,10.7065695889527,0.7980590097933533,-20.15171367520074,-18.234541686354966
0,55,-4.619287354036129,-1.5991731873299149,0.07985577976868075,0.4210981799772405,0.4210981799772405,7.289825040219893,0.9422348029405465,-43.05525233709345,-41.13808034824768
0,56,-4.253846301457607,-0.4064098535302803,0.009869176994099726,0.19490329371005366,0.1949032937100537,22.16044570745455,0.9912049019102315,-64.5254479258241,-62.20768175910475
0,57,-11.58118426018165,-0.00014859388148180636,3.198922529068504e-05,1.247169962058646,1.247169962058646,13.025978089991288,0.904255177350795,-34.82738828912484,-32.509622122405496
0,58,-5.060783689207307,-0.3072009917869087,0.016684369802488552,2.7681031172933195,2.76810311729332,25.440972090634517,0.8911950727577611,-22.070822909133344,-19.753056742414003
0,59,-6.9293991516976385,-0.0004615683670639005,2.5424881278102163e-06,13.421380046216864,13.42138004621686,99.15469493876014,0.8646420116111884,1.9818054930574593,4.481445525226109
0,60,-5.289238382762163,-0.5587701546205224,0.02249169162095055,3.4444175307430207,3.4444175307430207,30.595435991284674,0.887420544301961,-18.573342540426133,-16.255576373706788
0,61,-6.125272069627229,-0.11820833546370899,0.007611085718158828,0.9810396538010616,0.9810396538010616,21.0912009121439,0.9534858324147774,-34.907888992805496,-32.783738389498865
0,62,-5.050541441091063,-2.218007577639128,0.13148910573008443,0.4263165888309729,0.42631658883097284,5.803295710638734,0.9265388823717118,-42.88282520897228,-40.965653220126505
0,63,-5.420685455180249,-1.4691199314829035,0.038137148268126975,0.2973923510186297,0.2973923510186297,18.14362975223535,0.9836089936203647,-43.10948018931932,-41.41463211693471
0,64,-8.58711220008294,-0.00032813489040703575,5.869170894556852e-05,0.8215710615832106,0.8215710615832106,12.9966278627141,0.93678582858095,-41.506009044066516,-39.18824287734717
0,65,535030.4127539329,-2.986058796536962,2.4510677988215006,29.482090371540128,29.482090371540128,37.74295297375834,0.21887165553690957,16.13599157745865,18.26014218076528
0,66,-5.373533709937495,-0.8180822306621542,0.036147783139872436,0.7346195420832361,0.7346195420832362,22.634281033112035,0.9675439418195546,-43.29586025350995,-40.978094086790605
0,67,-5.976325084713108,-1.2561482059766174,0.061553183498956,0.3988204835040948,0.39882048350409477,16.816114412803525,0.9762834342278001,-43.81621692571937,-41.899044936873594
0,68,-7.545553499364587,-0.00011185741651558391,2.2198462769074112e-05,1.2981957984982802,1.2981957984982802,14.518464128261975,0.9105831176748798,-34.185812304533826,-31.86804613781448
0,69,-6.011789635784168,-0.5309290365326749,0.029662240745552015,2.5159939503760405,2.5159939503760396,33.79589696980241,0.9255532719659978,-23.598732605848177,-21.280966439128832
0,70,-10.39988110877292,-0.8173459958711667,0.0698692638142715,3.124823629289319,3.124823629289319,18.545317003247217,0.8315033585706746,-14.995512813058436,-13.078340824212662
0,71,-15.835336344148356,-1.344828153150791,0.06461297452474657,0.5212270923562576,0.5212270923562576,98.29155508393704,0.9946971325063364,-44.39429483182541,-42.27014422851878
0,72,-4.475847291548233,-0.05479224639327274,0.0031623059458631975,0.4743415911723179,0.4743415911723178,26.55058725186336,0.9821344218614589,-54.843695374966366,-52.344055342797716
0,73,-5.228545979647464,-1.702691582966897,0.0851510308304233,0.028521608118506438,0.028521608118506434,18.633926427660708,0.9984693720762915,-102.6352129384798,-100.13557290631115
0,74,-4.76576778892581,-1.4962455999064714,0.10989739841051716,0.4566776853346626,0.4566776853346626,7.547062978531086,0.9394893501440547,-46.37741432626963,-44.253263722963
0,75,-4.2044519179772255,-0.9370551582316055,0.053992314248956674,0.3163147004988852,0.31631470049888527,15.599449716583859,0.9797227013615353,-56.77770232875879,-54.45993616203945
0,76,-4.727517629938452,-1.5183077757937513,0.12210105754251144,3.4581847200430307,3.458184720043031,14.472967002798384,0.7610590337575991,-18.50951869171443,-16.19175252499509
0,77,-4.068594713012575,-1.5619695375492277,0.07762962945989949,0.13802544382616275,0.13802544382616275,8.749907248850768,0.9842254963509137,-64.32551154555482,-62.201360942248186
0,78,-4.1198739384181176,-1.8179954219672456,0.09622818110861675,0.3521364556153123,0.3521364556153123,7.323522892967553,0.9519170676788007,-55.061203883931576,-52.74343771721223
0,79,-4.0572870023032,-0.00018674162178898828,5.698067836545917e-05,2.681289582825407,2.681289582825407,23.926997852993797,0.8879387376845558,-28.273330046741115,-25.602214773052623
0,80,-4.670274293190409,-0.4118698014776933,0.05989555871593821,6.52835184910127,6.52835184910127,30.75842377361443,0.7877540183089128,-12.255910378208672,-9.584795104520179
0,81,-4.381860978536443,-1.518925799591467,0.11298849832909608,3.536236734355653,3.536236734355653,12.52388049727847,0.7176404920883664,-18.152410079107288,-15.834643912387945
0,82,-5.195734358115218,-0.7846896420275883,0.06734329101441605,7.661452117239057,7.661452117239058,33.86345210758452,0.7737545453753932,-7.5492007160926775,-5.049560683924028
0,83,5107212.20582976,-0.8010174122249276,0.2780840130021509,7.8358344914497975,7.835834491449797,16.753035569949034,0.532273750704295,-7.166601417881855,-4.666961385713206
0,84,-4.927431228043101,-2.1706897681357025,0.1583020947801499,0.4477409557230517,0.4477409557230517,6.76978332022242,0.933861848371782,-46.673859581065585,-44.549708977758954
0,85,-5.527918041377274,-2.0642018726319753,0.10499241126886893,0.35731417772089175,0.35731417772089175,14.474885648552512,0.9753148877029904,-50.057850535244896,-47.933699931938264
0,86,-2401.8968967339656,-5.459436007750418e-05,2.14916568135326e-05,0.5978794533260806,0.5978794533260806,13.372694063482601,0.9552910243449945,-50.90885103207625,-48.4092109999076
0,87,1663295.1763906651,-2.1737284178642384,1.8534695894043933,15.899792355998597,15.899792355998597,24.844579860562447,0.3600297350474637,4.862575997130147,7.362216029298796
0,88,5028806.055589563,-1.3749324496754738,1.2901845640308185,13.602392416382969,13.60239241638297,21.155999108986002,0.357043250649157,2.2095498851323194,4.709189917300969
0,89,5.666032279928902,10.591465572975146,0.0028356722252127486,6.029569436851389,6.02956943685139,30.061663283988786,0.7994266192162822,-0.6134163492744662,0.5802694691206458
0,90,5.6250710585660855,10.528942320658087,0.0029686239535549053,5.463245782014359,5.463245782014358,29.90230314108893,0.8172968230494835,-1.6983741350540642,-0.5046883166589522
0,91,6.721609227185728,10.80602763259325,0.0021493266624172946,1.6645032239933504,1.6645032239933502,15.846195044953356,0.8949588075073293,-14.772054136386359,-13.578368317991247
0,92,5.953815004721336,10.400781263703447,0.003400271148813472,6.284042415115835,6.284042415115837,27.656175530316418,0.7727797754166214,-0.15869983000371235,1.0349859883913997
0,93,6.305522960287439,10.02227541577229,0.0037065155392572713,0.3774283260789401,0.3774283260789401,4.505929866162437,0.9162374166288602,-18.430529077528202,-18.192204452488696
0,94,6.281114130461851,9.991242030065786,0.005372908641785079,2.251378671783877,2.2513786717838764,17.299222600539412,0.8698566563497672,-11.4498775133907,-10.256191694995588
0,95,6.424861191620676,10.01681819746877,0.006450048029797095,0.14831543827999755,0.14831543827999757,9.819979473224727,0.9848965633090786,-36.109990265647454,-35.20223498666532
0,96,6.488962463504915,9.982981150390934,0.004890976382529999,1.6034989471999697,1.6034989471999699,14.625708551555974,0.8903643579695577,-15.182779081324291,-13.98909326292918
0,97,5.939299175427535,10.03965212416981,0.004899274291018774,3.4137331279831025,3.413733127983102,21.464027868101905,0.840955614250934,-6.8709770351270905,-5.6772912167319785
0,98,5.800592877565717,10.002387614235692,0.00620215857104367,4.704101028737222,4.704101028737222,23.07604580556737,0.796147872630661,-3.3440664375865143,-2.1503806191914023
0,99,6.501588904373003,9.85188638871959,0.010462513295679932,0.7404568196690758,0.7404568196690758,10.448523564853728,0.9291328755615013,-27.424735309929538,-25.970015360565537
0,100,6.346597960251363,9.789772374997115,0.008155297574934828,2.343735723604585,2.343735723604585,13.347303000533007,0.8244037972681829,-13.597926363984143,-12.143206414620142
0,101,6.533877620719262,9.79051620242838,0.009687708575959908,1.1782864858042936,1.1782864858042936,10.91070914904655,0.8920064250904113,-25.211545365284,-23.516697292899387
0,102,5.8654803684267405,9.882322719307014,0.009123247023834935,2.205971941094905,2.205971941094905,14.876954957808156,0.851718853263241,-17.059155028906467,-15.364306956521856
0,103,6.3850220354396585,9.815478148734634,0.01052145584163,0.7098695010800928,0.7098695010800928,10.808572601713431,0.9343234738537483,-31.799105299767305,-30.104257227382696
0,104,6.191580948689046,9.157190821145292,0.03291587667924878,1.3410039729357202,1.3410039729357202,5.049384390952707,0.7344222841623071,-23.529900276499035,-21.835052204114426
0,105,7.44324074831639,9.270841457537909,0.005367888165079826,1.3634291542826351,1.363429154282635,5.012417669341807,0.7279897158965865,-23.314303124988328,-21.61945505260372
0,106,6.28812062142025,9.124271822823067,0.030310763560420284,0.7994308435799431,0.7994308435799431,4.388912568957447,0.8178521829679916,-30.25445989747768,-28.55961182509307
0,107,5.71403536804877,9.255710658578568,0.022341070637621474,1.2805808660638134,1.2805808660638134,8.867679992289593,0.8555900903982471,-30.91104636742712,-28.786895764120487
0,108,6.7709743664990825,9.285060657963147,0.020670031654988374,0.46420701047648577,0.4642070104764857,4.695495276365112,0.9011377963016846,-33.02797599321493,-31.57325604385093
0,109,5.950158688135452,8.425807673515159,0.003326569801058943,6.428711537785513,6.428711537785514,11.624610152159908,0.44697400999800163,0.0916674869034555,1.2853533052985675
0,110,6.0737142663978725,11.900790725070209,0.0010403465091597397,10.087493998000177,10.087493998000179,16.43945028175465,0.38638495660674244,5.0474128238410625,6.2410986422361745
0,111,5.742710238364683,8.936461361418756,0.0032715045403337584,7.189718721494923,7.189718721494925,15.710941461280372,0.5423750550395727,1.3223245511346002,2.5160103695297122
0,112,5.6667067430476425,9.344202497372336,0.0022627359463354146,7.603633322550445,7.603633322550445,17.98326586698692,0.5771828443848488,0.5246346242695479,1.9793545736335494
0,113,6.462665662410514,9.468948908891957,0.0014659436120514346,4.335716045658361,4.33571604565836,9.079880498254562,0.5224919483806179,-6.216238505039762,-4.76151855567576
0,114,0.09222415201892527,7.0102860510159175,0.012892603354268006,0.23372776134958295,0.23372776134958295,48.43632704250082,0.9951745358159694,-26.85740548158241,-26.265731749573753
0,115,0.04443876184621748,5.608062495315879,0.01795297641239335,0.4843095598596005,0.48430955985960056,37.86010768563291,0.987207919114203,-16.43578025525464,-16.197455630215135
0,116,0.10867874615686211,7.201864369303752,0.031083487985224867,1.1084645529779806,1.1084645529779806,117.18827628820712,0.9905411651396606,-29.50514180526858,-27.587969816422806
0,117,0.06848205457330735,7.411023494716505,0.05149997699752662,0.4149328104470598,0.4149328104470599,80.20081592950469,0.994826326819271,-30.052873419141093,-28.859187600745983
0,118,21.65798895060232,4.288836193189502,1.7613104325252533,40.03648522297012,40.03648522297012,40.03648522297004,-1.9984014443252818e-15,19.43309932452297,20.02477305653163
0,119,0.5282413430179778,7.402556945124723,0.09342219014435571,0.30563674781936395,0.30563674781936395,39.725656734402556,0.9923063135277338,-24.44324302339681,-23.851569291388152
0,120,0.1654725796704839,6.634351456199395,0.011557671080956178,0.6178825417509862,0.6178825417509862,48.68204335559524,0.9873077936101059,-21.840419944741505,-20.93266466575937
0,121,0.1728884249413923,6.12110313930987,0.01504652664175321,0.2146400589968735,0.2146400589968735,18.34854654793657,0.9883020674996728,-13.983313603371364,-14.608035195687199
0,122,0.12274217882836005,7.2196911819612435,0.02605748072086178,1.036325564565809,1.0363255645658087,89.97659364154113,0.988482276082884,-26.880484149233645,-25.185636076849036
0,123,0.4510172589237131,7.557428198022678,0.03520147575220145,0.8181560331189368,0.8181560331189368,77.8399389959597,0.9894892513576944,-29.953470390462996,-28.258622318078388
0,124,0.5981884361790882,8.380036584490702,0.04421766003487071,0.29402127739248957,0.2940212773924896,75.39509356609148,0.9961002597982752,-38.50811750360269,-37.053397554238686
0,125,0.44117376577247036,8.354844060702664,0.08377305934251655,0.434907439428943,0.434907439428943,53.94873151270692,0.991938504813102,-21.268619677138265,-20.676945945129606
0,126,0.0004905939487621631,3.0431247492482996,0.035717184900080134,0.1257580121559914,0.1257580121559914,16.84854080608659,0.9925359701113962,-37.759808500678645,-36.85205322169651
0,127,0.019371812707924423,5.617935426542391,0.023124540187289933,0.10589224253122576,0.10589224253122576,24.46577349696443,0.9956718211854465,-23.33870401621094,-23.500973569045
0,128,0.02078452128720723,5.930796528536585,0.02604096812817147,0.30257847237374635,0.30257847237374635,65.04599335412207,0.9953482381193496,-42.88473173751295,-41.18988366512834
0,129,0.1664913584767146,5.902668467014008,0.042956827211570126,1.2363064587789085,1.2363064587789085,50.16583185527485,0.9753556073315883,-21.27334052987584,-19.818620580511837
0,130,0.2303358717824575,7.376347225120345,0.06158321854988014,0.8309232223491979,0.8309232223491979,72.27690685472676,0.9885036139687146,-22.41424468378841,-21.2205588653933
0,131,0.37188181917978813,8.108416265678281,0.0917943957289693,0.5158389783033157,0.5158389783033157,57.164402903218374,0.9909762203031027,-19.732666773797373,-19.140993041788715
0,132,0.045329734332537445,5.989708938644039,0.024371069629785636,0.8345100999907195,0.8345100999907195,62.49931756351849,0.9866476926065216,-22.366862762779842,-21.17317694438473
0,133,0.07344817139751236,6.963700132997181,0.024068854254794214,0.39826010216337876,0.39826010216337876,45.98365184115997,0.99133909365139,-14.065920792278387,-14.228190345112449
0,134,42.88579632111997,4.459811579687481,0.8406129531208608,37.66938299553162,37.66938299553162,37.66938299553162,0.0,19.262625493756474,20.17038077273861
0,135,0.1359570414237731,7.337727742060318,0.05007663321222644,1.2043439453826166,1.2043439453826166,105.68900671093952,0.9886048323958943,-24.927186971824856,-23.232338899440244
0,136,0.5618417622469819,8.719851952382985,0.05216877608847548,1.1106293395188918,1.1106293395188918,98.75671496923982,0.9887538853447604,-22.559757871109024,-21.105037921745023
0,137,0.5197557190468637,8.548261117368748,0.09096114672687006,0.19907453157466667,0.19907453157466665,67.39221199346805,0.9970460306067123,-28.301705140682557,-27.7100314086739
0,138,0.0241450415434344,5.695728214369679,0.025338368554574053,0.18855353957643073,0.18855353957643073,57.827372782241575,0.9967393721951288,-38.72895411201823,-37.53526829362312
0,139,0.006235470319465599,4.938960757655185,0.03372666103583799,0.1576550977492834,0.1576550977492834,27.136552141924145,0.9941903047621987,-20.552789946921834,-20.715059499755895
0,140,0.0300570748090809,5.47077797177075,0.031912707978720034,0.1338809253960296,0.1338809253960296,41.3424071046147,0.9967616562563169,-42.49569739663861,-41.3020115782435
0,141,0.07260640013240394,5.999960977740751,0.05762866371324016,0.5524746252147429,0.552474625214743,71.65436205639776,0.9922897279473384,-35.05786270715464,-33.36301463477003
0,142,0.5290043351840588,7.008984378840467,0.050407144654994074,0.6566946012544694,0.6566946012544694,60.046966724708525,0.9890636507208573,-28.865314279555037,-27.410594330191035
0,143,0.21074303110022038,6.840104079286524,0.10893815540369767,0.20216843023854195,0.20216843023854195,36.8913566164852,0.9945198971038056,-23.424765261021413,-23.186440635981906
0,144,0.1173396818627457,7.738779521364186,0.014263059419528323,0.567453488321792,0.567453488321792,79.28354883483033,0.992842733496908,-22.69181584883771,-21.784060569855573
0,145,84.48576239274459,5.892165237861973,0.48127198385299796,12.507685611317969,12.507685611317969,12.50768561131797,1.1102230246251565e-16,10.407503010260957,9.782781417945124
0,146,0.005384980083387113,6.43780360063046,0.03880123181002926,0.5369754282656786,0.5369754282656785,94.26395842815899,0.9943034916290416,-35.427779905216966,-33.73293183283236
0,147,0.18624149642683877,7.945855021458781,0.04959205169519909,1.748351932777585,1.748351932777585,72.34665856460686,0.9758336878652623,-14.231438494180683,-13.03775267578557
0,148,0.42949787216771707,8.398739702777753,0.07337085474253358,1.5686852007076246,1.5686852007076246,100.68153680266343,0.9844193359525067,-18.41602599678007,-16.96130604741607
0,149,0.12878084180898025,7.775820295738079,0.14701905703293017,0.894078168880394,0.894078168880394,73.61631094715105,0.9878548903445834,-14.78267982966776,-14.191006097659102
0,150,0.07132914437055901,6.408220975880598,0.017261150692630567,0.14608001387873767,0.14608001387873767,57.0981707317074,0.9974415990563842,-36.26185860121741,-35.354103322235275
0,151,19.716397078850846,5.2439024416395075,0.21950931481112468,24.543426531826842,24.543426531826842,24.543426531826345,-2.020605904817785e-14,14.452107544686447,13.827385952370612
0,152,0.09015369149716387,7.027762946475635,0.02995038817083784,1.6646454485731332,1.6646454485731332,96.2743788038258,0.9827093618337948,-20.719383606562396,-19.024535534177787
0,153,0.026443401079441146,5.784887219662026,0.06494979162668701,0.9210621265063105,0.9210621265063105,62.15209200872508,0.9851805128880133,-24.805613271597927,-23.350893322233926
0,154,0.17012180371752286,7.6221699729796795,0.07551010105349731,0.6230278789325557,0.6230278789325558,66.75414931588352,0.9906668291736539,-21.757491046994996,-20.84973576801286
0,155,0.11016968053356148,6.777632924006747,0.14645322006119255,0.3200464820585273,0.32004648205852726,35.70134964306965,0.9910354514532854,-19.749844631871976,-19.51152000683247
0,156,0.07401873778186366,5.755534169746111,0.018319614868608003,0.2660751498400402,0.2660751498400402,48.412454462414765,0.9945039938008802,-30.265615848995942,-29.357860570013806
0,157,0.08722081308391642,6.304885475856825,0.018397216428101437,0.050748177682817676,0.050748177682817676,21.720774016040142,0.9976636109907805,-22.63583423196434,-23.260555824280175
0,158,0.2366835682550302,7.039544908437904,0.020252494493028683,0.5655503900754494,0.5655503900754494,85.6256501428418,0.993395082091266,-38.926184938496874,-37.0090129496511
0,159,0.16829868267543996,6.283024211241913,0.04312861577979121,0.5935192425751561,0.5935192425751561,56.98892744274128,0.9895853586089775,-30.079107516563028,-28.624387567199026
0,160,0.1253457088780116,5.729905385905733,0.07551024904835368,0.30036121713664987,0.3003612171366498,36.91569277308116,0.9918635898564073,-24.599946439518856,-24.008272707510198
0,161,-12.579580793171,3.6193126328848306,1.6286655578932803,16.647691828282564,16.647691828282564,16.64769182828256,-2.220446049250313e-16,12.123072651939246,11.498351059623413
0,162,0.015220490445912303,7.292018799226336,0.019669460709808018,0.5851490170454632,0.5851490170454632,76.93444604919114,0.9923941869072362,-18.59801980379188,-18.00634607178322
0,163,0.03998787187439666,7.940761379780736,0.01810698462719218,0.18911219843553492,0.18911219843553492,67.36411975419347,0.9971926865648124,-19.279274626184346,-19.441544179018408
0,164,0.029281721790899818,7.232940437687874,0.032026555897065156,0.8900394162851363,0.8900394162851364,113.14764448494567,0.9921338228441551,-28.85870552758547,-27.163857455200862
0,165,0.11060424959147547,6.782061669472344,0.048605381644003964,0.8306036358459717,0.8306036358459716,74.96430321063416,0.9889200112550617,-26.046110642521384,-24.591390693157383
0,166,0.2003287108793465,7.486557488473866,0.06330528143762648,0.5971704857512419,0.5971704857512418,54.77538604316898,0.989097831546443,-18.414994916286542,-17.823321184277884
0,167,0.14815629562123656,6.589771994271564,0.1164892499720922,0.28827588727265313,0.28827588727265313,41.65915089038623,0.9930801305088727,-24.969557035173242,-24.377883303164584
0,168,0.03836452638183287,5.947130521570886,0.018281597535757976,0.0881431311285906,0.0881431311285906,50.81623263888892,0.9982654532508352,-41.31378388702845,-40.40602860804631
0,169,0.06578981135022889,7.401871087949787,0.03245985843852872,1.170192133579407,1.1701921335794068,123.64724485367074,0.9905360436056277,-28.7464512857441,-26.829279296898328
0,170,0.03066850131700169,6.098319685823103,0.022208483936327905,0.106059477051171,0.106059477051171,39.56928571428577,0.9973196514635876,-23.327657709204296,-23.489927262038357
0,171,0.028318761259835318,6.550041801655098,0.06699932251126439,0.7009498347744963,0.7009498347744963,61.99284939236113,0.9886930534465662,-20.579040498781982,-19.671285219799845
0,172,0.10806171884086413,7.223726613588762,0.09275218403869756,0.3907821074155257,0.39078210741552566,56.47412712191363,0.9930803338213281,-22.231467495324004,-21.639793763315346
0,173,0.1288004567860652,6.475242452200084,0.150861838833388,0.29560205516138766,0.2956020551613876,31.97981770833335,0.9907566059989029,-20.38546143283214,-20.147136807792634
0,174,0.07661946105922278,6.276596435213903,0.015028780736214387,0.20336592635331147,0.20336592635331147,48.8321993496388,0.9958354133325593,-32.95333422781696,-32.04557894883482
0,175,0.09224513946137448,6.995962129602793,0.018199362768746674,0.1212687605498207,0.1212687605498207,44.779242948637915,0.997291853265833,-22.389593288032415,-22.551862840866477
0,176,0.11676435636528258,7.751436999128451,0.023892235642740678,0.3902841405244348,0.3902841405244348,99.10010423612023,0.9960617181633379,-39.57578476291984,-37.88093669053523
0,177,0.03769406360584636,5.821193159324708,0.0678444218141343,0.6428708398657755,0.6428708398657755,60.41997069603279,0.9893599610781012,-29.120617150033752,-27.66589720066975
0,178,0.06563525644070044,6.0829965441648985,0.08876355413796766,0.4049637039605814,0.4049637039605814,36.36012797736536,0.9888624235807785,-17.86719501937559,-17.628870394336083
0,179,0.04513051711768854,6.208033293328823,0.17247770177204047,0.36084917854094956,0.3608491785409495,36.28710130917834,0.9900557177200131,-18.7898939008161,-18.551569275776593
0,180,0.0700997195219906,6.620953305911823,0.016226924511166807,0.48126429306281293,0.4812642930628129,50.33577986358847,0.9904389224848199,-20.357069441579533,-19.765395709570875
0,181,0.043684104011949276,9.060775691479837,0.01951053746492426,1.3305948823788851,1.3305948823788851,63.63947186526778,0.9790916730862269,-3.036800082060857,-3.661521674376692
0,182,0.02573604121971682,8.757116146401097,0.03400522876041667,1.145998435193815,1.145998435193815,129.9959904886679,0.9911843555259982,-18.87780921952896,-17.684123401133846
0,183,0.08820899560031761,7.757660751892851,0.05506165320765066,1.7416118741564433,1.7416118741564433,91.30158261246785,0.9809246255724968,-14.27392646317454,-13.080240644779428
0,184,0.205757789896013,8.279099113626042,0.07650007469514897,0.34837251829068394,0.348372518290684,70.10331226857122,0.995030584047783,-23.265367447924707,-22.67369371591605
0,185,0.1255534399084302,7.661062572156103,0.14927037334432636,0.17868196804614997,0.17868196804614994,70.3005546045169,0.9974583135360546,-34.247328611912145,-33.33957333293001
0,186,4.160234689956809,11.180462037876481,0.4224539471369828,1.4376313409118728,1.4376313409118728,27.576618991862702,0.947867744724758,-5.080393043641886,-5.242662596475946
0,187,2.8877257013361337,10.392736490832373,0.23035315538167067,0.07759719945692298,0.07759719945692298,6.0225882165904085,0.9871156392125289,-20.087900466869407,-20.712622059185243
0,188,3.644364330038633,335954.833576052,0.027587291411654613,0.7103579565171925,0.7103579565171925,1.0233197792760604,0.30582993615179643,-10.015274946589741,-10.177544499423803
0,189,4.916123772880066,9.841622217283335,0.6648704776365757,0.028632386024030013,0.028632386024030013,15.583413385342855,0.9981626370734052,-26.069857755472142,-26.69457934778798
0,190,3.6748140240835787,8.4816811534234,0.6215942409898749,0.4496428702179765,0.4496428702179765,14.165590411871637,0.9682580918165509,-9.546366613608626,-10.17108820592446
0,191,3.6095350378882,21142514.89547715,0.09771073031688582,0.10442923808501794,0.10442923808501794,3.677408999463083,0.97160249564292,-18.306030322110253,-18.93075191442609
0,192,4.83607326504311,11.521696485911914,0.17637143384144638,1.8376071719578808,1.837607171957881,24.735585786644442,0.9257099796298309,-8.298842718514413,-7.707168986505755
0,193,4.155229936429201,9949770.28110357,0.04924562410438549,0.31678226538277565,0.31678226538277554,10.160414523860352,0.9688219152241422,-24.120886605858427,-23.52921287384977
0,194,3.9322115772296575,12.91338203591536,0.3937608663899481,0.14585836566317692,0.14585836566317692,16.18707905214373,0.9909892102711477,-16.30127217329441,-16.925993765610244
0,195,3.7321799491926213,15.42708710987226,0.2958935654672188,0.09495840134757334,0.09495840134757334,13.774174341132214,0.9931060549259921,-18.876454998355168,-19.501176590671
0,196,3.4385039706823672,9.584244891344854,0.33683378447432166,0.022782529672961193,0.022782529672961193,6.434187930442152,0.99645914450755,-27.441124490265267,-28.065846082581103
0,197,3.1457607902580556,10.08442497150486,0.43368621913618544,0.9473940019583295,0.9473940019583295,29.221187989542322,0.9675785254761927,-7.99965258036109,-8.161922133195151
0,198,3.1619813466138313,8771994.61169172,0.06690767769896255,0.3459794951635688,0.3459794951635688,5.34582281536793,0.9352804035762348,-15.051001420882002,-15.213270973716064
0,199,3.4983796249678027,8.626627823223908,0.12486568730032221,0.19069283525787523,0.19069283525787523,4.120765761805133,0.9537239323270001,-19.22101040821179,-19.38327996104585
0,200,4.903868029830552,39.455080209207246,0.20708833319192044,0.049295969183213294,0.049295969183213294,11.410922821248658,0.9956799314169913,-17.096754373498968,-18.268440636196665
0,201,3.4257975578154283,9.712504132110176,0.9568088857827246,0.13461072812535727,0.13461072812535727,21.122246426648957,0.993627063835619,-12.07403036813637,-13.24571663083407
0,202,3.797477044450431,9.641252162236631,0.7750848887006048,0.6508965474926905,0.6508965474926905,16.196160449335892,0.9598116757654509,-4.194212375286929,-5.365898637984628
0,203,4.334073137323122,11036768.706815192,0.1225228754918466,0.4460417732771037,0.4460417732771037,16.675766252126692,0.9732520972929674,-13.272769728429815,-13.435039281263876
0,204,3.4246021265865534,13.140005844245792,0.27799698027513786,0.11722306901390937,0.11722306901390937,20.611114634831928,0.9943126283517046,-22.627107149719777,-22.789376702553838
0,205,3.6172376843088627,12.015821088435176,0.252016106791598,0.3512719561302245,0.3512719561302245,14.830937612020321,0.976314919169674,-14.944732905510918,-15.10700245834498
0,206,3.9241170790441133,10.368782794586357,1.5661441442224957,0.16256627446366687,0.16256627446366687,11.419977703047433,0.985764746771766,-11.130537149692007,-12.302223412389706
0,207,3.535850467512085,9.824908307005373,2.694089119095291,0.03505303539308307,0.03505303539308307,11.833039124371862,0.9970376980060105,-18.801654899427778,-19.97334116212548
0,208,3.1736256591263734,9.945500442649486,2.000592236013536,0.06559836825819129,0.06559836825819129,14.364903876203483,0.9954334279697576,-15.66821184944249,-16.83989811214019
0,209,5.065311567817538,20256621.107492104,0.2811904884054335,0.16781110268528454,0.16781110268528454,7.997232450239164,0.979016353003436,-15.460054741105797,-16.08477633342163
0,210,4.537959887575342,9.624039788434231,1.8924549940540025,0.08630256190969979,0.08630256190969979,17.831846613262876,0.9951602005231747,-19.449932786819367,-20.074654379135204
0,211,4.258170277883342,10.362638513819881,1.161613273910406,0.5551196422068281,0.5551196422068281,16.040763103167038,0.9653931899226648,-8.281986516912779,-8.906708109228614
0,212,3.987174733548635,9.467388032408486,3.0367577377992827,0.018239618857180857,0.018239618857180857,8.928417968750004,0.997957127576126,-22.06798551488134,-23.23967177757904
0,213,4.008406056347037,9.655745733519643,3.5369949878368736,0.8016431325468611,0.8016431325468611,25.23067220052084,0.9682274365829099,-6.077107267558514,-6.7018288598743485
0,214,3.4889805133155694,9.197851986428208,3.1369501410304697,0.20479589803401466,0.20479589803401466,23.909993489583304,0.9914347154413389,-14.265005306257276,-14.88972689857311
0,215,4.41027840828971,27.888312785428894,0.624211101125425,0.026864010562045272,0.026864010562045272,14.350996212530227,0.9981280734686147,-32.94014554174558,-33.10241509457964
0,216,3.380455568606759,9.163475601978705,3.7730373779775723,0.14535886866787642,0.14535886866787642,30.08863664753297,0.9951689778978472,-21.121218508629703,-21.283488061463764
0,217,3.8843188376386864,8.81394003319165,3.365794033749345,0.2666558766255824,0.2666558766255824,21.318718750874183,0.987491937027658,-16.873945167572337,-17.0362147204064
0,218,0.2594170735851412,6.41490909691363,0.0005029125415085822,0.12076200759783519,0.12076200759783519,24.00838838209048,0.994970007745796,-17.434158112905003,-18.05887970522084
0,219,0.0013260791715236232,5.685653459061727,0.001100079266975973,0.19817293120523302,0.19817293120523302,38.17379474881781,0.9948086656694939,-18.95167772020382,-19.11394727303788
0,220,36.61909009713005,4.307010142892377,0.012483901921378049,20.01358811356328,20.01358811356328,20.013588113563276,-2.220446049250313e-16,13.353509096397007,13.191239543562947
0,221,0.033682050930023175,7.592413328635224,0.0008647204581391232,0.15880031902292624,0.15880031902292624,50.85045349943671,0.9968771110561544,-20.502125091861583,-20.664394644695644
0,222,0.006231934638717947,6.827821821283324,0.00568561267611134,0.16089665530390693,0.16089665530390693,45.72842441929073,0.9964814738896617,-11.182154625276493,-12.353840887974192
0,223,0.14242207076130298,7.58448289892489,0.005145476588762188,0.1732563114950289,0.1732563114950289,44.43277147174853,0.9961007088741879,-15.268456084907989,-15.893177677223823
0,224,0.614148604620058,7.56988042509249,0.0004931059544757144,0.05892945979207751,0.05892945979207751,12.479266636487107,0.9952778106671927,-16.204260297754743,-17.37594656045244
0,225,0.41795372996995045,6.626075309642905,0.0005622019029098979,0.34199727414757675,0.3419972741475767,37.51152953825263,0.9908828757889272,-19.219152431678832,-18.980827806639326
0,226,0.19984014411149004,7.670970402720203,0.004280918926447219,0.18672046091471345,0.18672046091471345,45.561886977516245,0.9959018277489944,-14.81941266716585,-15.444134259481684
0,227,0.26215349459899945,7.926736838548748,0.0051189784940379734,0.1843062778820611,0.1843062778820611,51.58112645239176,0.9964268659767993,-14.897494924370655,-15.52221651668649
0,228,0.8424774419252506,6.092666505495723,0.011036214758013196,0.4740372729417787,0.4740372729417788,67.76948005244826,0.9930051511008361,-64.12725778828911,-61.293940850789795
0,229,0.7705283140753415,6.1805796122545225,0.02474784959122367,0.6050614259279302,0.6050614259279302,45.70062771137714,0.9867603257060449,-33.87587049039505,-32.18102241801044
0,230,0.5456115910693532,5.674983926033157,0.08931860830781435,0.31801587687736327,0.31801587687736327,20.03475221599743,0.9841267876213896,-15.640948834514052,-15.803218387348114
0,231,0.47673597765470976,5.531286296805536,0.07112521961335849,0.42794643813268574,0.42794643813268574,29.19417471075077,0.9853413757240038,-25.51342328775418,-24.605668008772042
0,232,0.9999387652571888,1.007470638623068,0.00013532012795962692,,,,,,
0,233,0.2985776271263665,5.031370783172418,0.014178009775783096,0.1278882737734777,0.1278882737734777,29.540468399440826,0.9956707431972914,-54.080118992840305,-52.385270920455696
0,234,1.0338712743030036,5.192194556289227,0.02738708148420166,0.03812070399445367,0.03812070399445367,15.337916043239602,0.9975146099452503,-43.1780007886732,-42.586327056664544
0,235,0.5934611870428901,6.854975725409514,0.0886330969720257,0.5648163883040417,0.5648163883040416,47.61746586674346,0.9881384618432936,-38.94436669408377,-37.027194705237996
0,236,0.03107395088829338,6.696628202205522,0.09315151290267099,0.6748041931763095,0.6748041931763095,45.60884477367203,0.9852045322234111,-24.703507858911564,-23.509822040516454
0,237,1.0075889057086864,1.0156571651532773,0.005591028454176694,0.00036852281100666236,0.0003685228110066623,0.0004331330831450489,0.1491695616258195,-164.8575466906529,-162.53978052393356
0,238,0.36145929411497,6.615609787408159,0.009130345694404296,0.9831415615461978,0.9831415615461977,70.25576625375984,0.9860062509603106,-42.4536635603211,-39.95402352815245
0,239,0.7310148450835579,6.5041918770138905,0.021522425723147665,1.2540357818778511,1.2540357818778511,43.99494258343448,0.9714959104788096,-21.102476085497997,-19.647756136133996
0,240,0.6272751139361102,6.614866429018716,0.08047123996416872,0.2077381117262861,0.20773811172628612,38.72642112777779,0.9946357523965136,-27.91831483344911,-27.32664110144045
0,241,1.025185454751969,1.0212821766377607,0.009145169104046502,0.00028650805307979375,0.00028650805307979375,0.00030873334817286147,0.0719886440016958,-98.60329006717606,-97.69553478819392
0,242,1.006068226461508,4282.4288654843895,3.3196871662477534e-05,0.0003709312711115606,0.00037093127111156057,0.0008988207658472826,0.5873134164163436,-164.75331980522654,-162.4355536385072
0,243,0.4784592403424664,17.514007727092178,0.004797649846153718,1.9352757985916265,1.9352757985916267,37.096154897935556,0.9478308249489402,-30.940379434706912,-28.440739402538263
0,244,0.8458941512241568,6.431517339848907,0.030666289504886368,0.2009815679456182,0.2009815679456182,29.251860100594634,0.993129272215358,-38.02681084658328,-36.83312502818817
0,245,0.6115943392276693,5.594139914126358,0.07084270854743568,0.18916333995890444,0.18916333995890444,22.38496602036502,0.9915495364260634,-23.956687569995932,-23.718362944956425
0,246,0.8259583737338317,6.340290848270173,0.10132279752769802,0.053526159743641666,0.053526159743641666,21.07486226528464,0.9974601893445438,-16.685113449244483,-17.85679971194218
0,247,0.6647752988952573,4.287313503065039,0.019309082232678465,0.2866047604150592,0.2866047604150592,12.166681895509054,0.9764434738348136,-20.63274156355216,-20.394416938512652
0,248,0.31325433382423434,8138469.680802206,0.006063978734281994,3.05076027904001,3.0507602790400097,23.529127578800402,0.8703411221337112,-15.331330975396384,-13.414158986550609
0,249,0.05337968295962849,5.242196757523022,0.039085018019595186,1.0050544253518117,1.0050544253518117,30.336397103590443,0.9668696839008328,-16.975433983703958,-16.06767870472182
0,250,0.8764757291421831,6.193902765873279,0.05203128514487676,0.12463060407334477,0.12463060407334477,29.983695382558423,0.9958433874649806,-27.294741007214014,-27.056416382174508
0,251,0.46193217894505356,5.256824548042524,0.07722547937433988,0.6885013457054361,0.6885013457054361,21.822606214013465,0.9684500861650835,-17.13416325244328,-16.54248952043462
0,252,0.22653096052820565,6.19284397867886,0.0642342316608353,5.530497975811256,5.530497975811255,45.583160977124756,0.8786723461633857,1.6174795561730742,2.2091532881817324
0,253,1.0095573020564856,1.0142608957387342,8.857617969902408e-05,,,,,,
0,254,0.9779484755212728,4.632885421227159,0.014150803853691052,0.2371152350610364,0.2371152350610364,29.440532099555583,0.991945959595458,-66.63118039515389,-64.13154036298525
0,255,0.8725414265991726,4.821873709944191,0.061845159069698674,0.10331956773651074,0.10331956773651074,15.786837169165796,0.9934553345531232,-28.794960289423834,-28.556635664384327
0,256,1.3343905280408255,5.120505945617537,0.05736967173107366,0.9862217407833969,0.9862217407833967,14.80902591855217,0.9334040100809131,-10.74652481688381,-10.508200191844303
0,257,0.862421813187279,5.321310025277083,0.14385975093518955,0.17773090889659676,0.17773090889659676,15.51976841588826,0.9885480952979526,-19.713763385526327,-19.87603293836039
0,258,1.009415429161736,1.0192044864648109,0.00010758895422195028,,,,,,
0,259,0.18122828516314993,5.908400273739702,0.014038321508733409,1.4416203481565013,1.4416203481565013,44.171766593516296,0.9673633078472322,-25.826054496068178,-23.9088825072224
0,260,0.6433202843941667,5.876939040862432,0.04239859054649453,0.2107184533793869,0.2107184533793869,27.8389299725525,0.9924307991152267,-18.521997708353652,-18.684267261187713
0,261,0.9301111986148967,5.701231393969625,0.05737574663176104,0.2138418434939909,0.2138418434939909,18.501453740097162,0.9884418896753749,-22.97568102372026,-22.737356398680753
0,262,0.9478335860629122,6.008811327639125,0.07507303971925516,0.07166787778433821,0.07166787778433821,23.478865490946646,0.9969475578872423,-31.72123345623092,-31.482908831191413
0,263,3.5823153390398095,6.660802158060049,0.01116721259980169,0.5952670057314058,0.5952670057314057,9.631650580866227,0.9381967814619506,-22.213303179599176,-21.30554790061704
0,264,4.295711859237899,23.202310207579835,0.012070544228347746,5.183825449723174,5.183825449723174,600.7637753825011,0.9913712749301127,-12.032726955529299,-9.714960788809956
0,265,3.972610948632211,22.534858249744172,0.041570946058525626,4.6800794094227784,4.6800794094227784,551.0469352736144,0.9915069314248178,-18.24702024513326,-15.575904971444768
0,266,4.2857575662123155,22.861902895904453,0.0632363882227982,3.490318917995703,3.4903189179957033,517.9471875444175,0.9932612455440809,-18.361529754973798,-16.043763588254457
0,267,3.9939653756217766,23.90740539608437,0.1376247772098973,1.9590679872786572,1.9590679872786572,530.0602046799783,0.9963040651420693,-18.602246682098677,-16.907398609714065
0,268,3.492461620132116,13.745286534163638,0.007106988143979365,0.13888074619173996,0.13888074619173993,69.8386180256661,0.9980114047196538,-31.542278092467207,-30.95060436045855
0,269,3.9689557632688808,19.968834167740315,0.017022997081905356,1.2388732515135383,1.238873251513538,686.9974288457655,0.9981966842967739,-49.63059950320874,-46.64340268254677
0,270,4.267489127483483,20.959726733239012,0.043217235322391856,4.096909081658405,4.096909081658405,469.00543534501884,0.9912646874153077,-11.203543318355337,-9.286371329509562
0,271,4.165677143083081,20.973326184704504,0.06842212537221015,1.9237854071957985,1.9237854071957987,556.5504836602817,0.9965433766321725,-31.04161505682955,-28.5419750246609
0,272,3.728924507070211,21.62046110006773,0.12156069143954751,1.5623104302586763,1.5623104302586766,534.2511274107443,0.9970757002650974,-27.92826645703,-25.804115853723367
0,273,4.170314706240586,21.68308975731015,0.20610582991616644,1.107509669595289,1.1075096695952888,487.08648646690756,0.997726256629231,-26.01686024616236,-24.32201217377775
0,274,3.3479071891730205,12.499335363216657,0.00893957641020049,2.1102041048725835,2.1102041048725835,63.36258369225427,0.9666963690255809,-7.053959121234577,-6.462285389225919
0,275,3.779018554592193,19.2474370690303,0.01937750642773084,1.1613585608304,1.1613585608304,574.5536707364362,0.9979786769800951,-47.10212123792831,-44.26880430042899
0,276,4.02926897405775,20.31141713108549,0.042541116163490766,2.847832314020242,2.847832314020242,391.6040232661113,0.9927277756488089,-11.26018243770968,-9.805462488345679
0,277,4.505397830978445,21.142132333441523,0.07516950283335588,0.3626431603590541,0.3626431603590541,387.9037277177598,0.9990651207130886,-40.53070909477799,-38.83586102239338
0,278,4.8898760129618175,21.35689043579187,0.10689065899141337,2.830405328506343,2.830405328506343,309.4181459566073,0.9908524908267556,-11.333840673216578,-9.879120723852576
0,279,7.972365283600491,15.972527588049594,11.562311839383574,339.21052458637746,339.21052458637746,339.2105422050478,5.194022034693546e-08,41.240358381144574,42.14811366012671
0,280,0.15317231018855573,1.321745338248349,0.013189244471446093,0.10161890262677904,0.10161890262677904,1.379897315882022,0.926357634399901,-23.62705102505368,-23.789320577887743
0,281,0.11839471408380144,1.4411965349788554,0.014796334732140037,0.03601117775690553,0.03601117775690553,1.737150230562378,0.9792699692154734,-30.88885231168912,-31.051121864523182
0,282,0.15672705355761088,1.7429185960039717,0.014438596876911625,0.019201315754278234,0.019201315754278234,2.0841750343960026,0.9907870906054477,-28.46721565593476,-29.091937248250595
0,283,0.11787018050504863,0.9731347323516168,0.030994539893743456,0.08739047188381262,0.08739047188381262,0.6650988172682637,0.8686052814787006,-19.37477093303524,-19.999492525351073
0,284,0.5294164750071181,1.2806781048273372,0.008250788742621307,0.06845281158068003,0.06845281158068003,0.5078845550074913,0.8652197415617997,-26.39264561533976,-26.55491516817382
0,285,0.500476519249595,1.4747052306747819,0.007916001724340038,0.1424018722700112,0.1424018722700112,0.8520898487234803,0.8328792761897773,-21.26508596827713,-21.427355521111192
0,286,0.5623841849610424,1.8310615737612932,0.007538090791922691,0.021467876784829476,0.021467876784829476,1.2129720942992404,0.9823014256587396,-34.5097539925399,-34.67202354537396
0,287,0.5735581801716916,1.6444857068804457,0.01154475429543722,0.03253904061268116,0.03253904061268116,1.0163286281318604,0.9679837409751096,-31.59857367002691,-31.76084322286097
0,288,1.295462639252427,13.363569702575688,0.0997558555071274,1.6944800183032616,1.6944800183032616,71.0828368356814,0.9761618965458525,-3.9297396040500665,-4.092009156884127
0,289,0.5491893067544148,13.010402681433424,0.10443562922036542,4.322744175456735,4.322744175456735,136.09547202871303,0.9682374136992248,2.625861941312567,2.4635923884785065
0,290,0.3261152071866424,14.183799919500572,0.054943367142656685,0.8587772123496417,0.8587772123496417,159.48401977616314,0.994615277357851,-2.8084183002805236,-3.980104562978223
0,291,90.4456684456569,8.287159506059083,1.0057978143685449,102.67448444107727,102.67448444107727,102.6744844410772,-6.661338147750939e-16,23.038825015990273,22.41410342367444
0,292,0.8163079068616925,7.734757840441161,0.02987746880045883,44.38617801814816,44.386178018148186,959.4893653992035,0.9537397915820767,-178.87710998274736,-169.82527047230258
0,293,0.7824982648347492,9.179107715958589,0.07788755456847118,12.675972523576107,12.675972523576107,681.569284216906,0.9814017843569047,-164.51131154165387,-157.07930109821925
0,294,0.6733712137403944,9.267679053535927,0.15891153844896277,9.766833744870384,9.766833744870386,988.475877413508,0.9901192998554231,-253.53900043669,-245.49260675531735
0,295,0.7858935618750471,9.463383653692357,0.24240258776276047,8.431266334018746,8.431266334018746,868.5455683565403,0.9902926609251229,-203.74535583827867,-196.27944672908225
