,ID,a,b,c,d,chisqr,RSS,TSS,Rsqrd,aic,bic
0,1,-4.94870708468462,0.022758521402119702,-4.920730740492367e-05,3.548749929146196e-08,0.26724486032969386,0.26724486032969386,21.53540744930885,0.9875904432753944,-122.25024519168016,-116.92142715097935
0,2,-2.451340180623051,0.017486767708059885,-4.6759734744144545e-05,3.7701870245040445e-08,0.8989572802075072,0.8989572802075072,5.510476297897051,0.8368639602804255,-88.28427970140136,-82.95546166070055
0,3,-4.573704755632955,0.035499272439950616,-9.426881799186698e-05,7.524183238093428e-08,3.154995852257261,3.1549958522572608,21.83487514151311,0.8555065768954689,-53.13008520751611,-47.80126716681529
0,4,-5.178857787224438,0.038240480331882105,-9.410373268025645e-05,6.89747022980889e-08,1.5574442394898318,1.5574442394898318,27.79511490192164,0.9439669796298573,-80.7445363574261,-75.13974683077748
0,5,-5.905079856266981,0.004069771473475921,-1.1722871794985949e-05,6.147805297753721e-09,10.395123972704686,10.395123972704686,13.130425590286125,0.20831781870079003,-15.835751955509135,-10.803365803423207
0,6,-3.8726687658122825,0.015629634015927207,-2.9522507290720467e-05,1.9301324665549113e-08,0.10532308474070746,0.10532308474070745,15.540904047403107,0.9932228469837115,-148.32196064065312,-142.9931425999523
0,7,-4.9144685395298655,0.02920564492653877,-7.18827421905666e-05,5.396054167907099e-08,0.4276373349139885,0.4276373349139884,16.989038909763334,0.9748286329094089,-109.08716043107641,-103.7583423903756
0,8,-5.887882524523706,0.024766315990600335,-4.901136552768581e-05,3.132240298648551e-08,0.3141322944574558,0.3141322944574558,27.57783669390571,0.9886092481457447,-117.7240760174337,-112.39525797673289
0,9,-3.987929804630089,0.01085597430732932,-2.1002010063744614e-05,1.3361164085762656e-08,0.12630372816012247,0.12630372816012247,6.058293092591185,0.9791519284013211,-143.2355667744823,-137.90674873378148
0,10,-4.469636334581882,0.014484999007159483,-3.099275499939388e-05,2.151511859207018e-08,0.21985045918495133,0.21985045918495133,7.9091817380562865,0.9722031347279446,-127.71634173732079,-122.38752369661998
0,11,-4.930261576746447,0.026245194856025954,-6.241802847967157e-05,4.619299271447217e-08,0.23848059718795056,0.23848059718795056,16.620497114226275,0.9856514161069332,-125.43881139814295,-120.10999335744214
0,12,-4.629861576393927,0.019876547886324387,-3.953691460965815e-05,2.569185570634486e-08,0.15806352801206014,0.15806352801206014,18.390469566409408,0.9914051390889569,-136.9549573056363,-131.6261392649355
0,13,-3.2001904329941717,0.017677333290657155,-4.2606235232860255e-05,3.190506379455505e-08,0.22389081228950658,0.22389081228950664,7.243937993719612,0.9690926658285015,-127.20643643579612,-121.87761839509531
0,14,-3.9080660600913997,-0.00816044298245714,1.463209387313988e-05,-4.967160795983897e-09,1.740331422111675,1.7403314221116752,4.588686694749135,0.6207343107335813,-69.7876103930344,-64.45879235233359
0,15,-5.581249709661375,-0.0011760569712299912,1.4166589937656874e-06,8.769096635403777e-09,1.3366306392368261,1.3366306392368263,18.37645708694765,0.9272639642716439,-77.17747031016962,-71.84865226946881
0,16,-5.780233053487932,0.03935421864509425,-9.580586398497507e-05,7.226324554408045e-08,1.2125753633816876,1.2125753633816876,34.19831123287703,0.9645428291729224,-79.90482436150596,-74.57600632080515
0,17,-4.401663015440917,-0.01087733363423716,3.165639471537902e-05,-2.9879297202037976e-08,5.053528102686238,5.053528102686238,8.555268564793543,0.409308069710119,-37.2452562762318,-32.06190881221448
0,18,-3.9811857209209047,0.004292552852308567,-6.502165420829519e-06,3.1403444587698587e-09,0.1252921058773345,0.1252921058773345,1.807395567183851,0.9306780938538234,-143.46073406847805,-138.13191602777724
0,19,-5.517137448400581,0.017489264380539975,-2.7622630706132453e-05,1.4334739283698945e-08,0.3368286467751053,0.3368286467751053,26.678064498861715,0.9873743221968192,-115.77079273049797,-110.44197468979716
0,20,-3.9546915465272887,-0.009408004786036287,2.0393135410295118e-05,-1.0837579274309758e-08,1.9157662469960184,1.9157662469960182,4.627366574647145,0.5859921153659405,-67.09843148060969,-61.76961343990887
0,21,-17.887991990809038,0.11361720674573378,-0.00033650875499714977,2.930580082849762e-07,8.106675798640566,8.106675798640566,15.119738769354042,0.46383492980236807,5.901028019122199,7.111368391098383
0,22,-3.921081774993744,0.012406147054045968,-2.0303835267959397e-05,1.2075477716102921e-08,0.10723201293230218,0.10723201293230218,15.019890519144555,0.9928606661416325,-147.81901879603643,-142.49020075533562
0,23,-3.128779267498265,0.02417525881521083,-8.568448309029597e-05,9.187487825978617e-08,0.2131209131693157,0.21312091316931567,5.998491330556803,0.9644709141974316,-88.39877893653242,-84.22068918563873
0,24,-1.9928326179987013,0.027430501591365543,-0.00011110202986610146,1.3152065003374071e-07,5.7885666942756515,5.788566694275651,23.081145871478814,0.7492080017817254,-36.136954336155156,-30.80813629545434
0,25,-3.063245546664921,0.04120983213847268,-0.00017815495378092206,2.1241980175122422e-07,5.522352159839676,5.522352159839676,20.90418010399898,0.735825460153625,-32.281608967108504,-27.249222815022577
0,26,-3.1119869336516497,0.03989419334001294,-0.0001826113826662623,2.259418487948436e-07,8.658213349094,8.658213349094,22.12054194564551,0.6085894563357028,-20.589291833967792,-15.556905681881863
0,27,-4.62633872093968,0.0342250430976525,-0.00012128221678820776,1.2427704586146025e-07,0.8633246221608621,0.8633246221608621,15.696840428804736,0.9450001020220219,-63.23615304359507,-58.8719832301618
0,28,-3.134142705739304,0.03370418039177394,-0.00012075624187243898,1.2488432425526466e-07,0.6931319731556302,0.6931319731556302,18.176108293873057,0.9618657656551663,-72.54666875716048,-68.00469189344388
0,29,-4.478986403704803,0.045062416765294364,-0.0001808351266041562,2.0778141411259584e-07,3.0029928233541807,3.0029928233541803,26.385492736714454,0.8861877300030245,-38.82535078539397,-34.283373921677374
0,30,-3.768775598934715,0.03402243882174335,-0.000131622733283792,1.5023975473551887e-07,2.849461584709058,2.849461584709058,18.897247004352074,0.8492128729622457,-40.03237561425959,-35.490398750542994
0,31,-2.383857294440034,0.012473441517598214,-4.914308227129167e-05,5.452171819091642e-08,0.5081153100581927,0.5081153100581927,1.5286341009851472,0.6676017434579462,-70.15295543821142,-65.97486568731773
0,32,-3.7169600723187246,0.033812844249705966,-0.0001463678709696106,1.7344759524971417e-07,8.39368972639505,8.39368972639505,22.284244274625813,0.6233352308046358,-19.284890609414227,-14.409387309941424
0,33,-3.7033524570357397,0.0328551714279399,-0.00013074878810064155,1.4686119662719497e-07,4.105463529190317,4.105463529190317,15.838015191555218,0.7407842157280329,-31.63303790770525,-27.091061043988653
0,34,-4.16095205966279,0.04281883908338328,-0.00016999920397068596,1.894398497722217e-07,5.715224030878802,5.715224030878802,22.979491903045457,0.7512902350063986,-24.024296535780266,-19.482319672063667
0,35,-1.8091127047667936,0.02470430239340368,-9.951653684069137e-05,1.1633186629668907e-07,4.519227653637109,4.519227653637109,20.757547872896293,0.7822850906422338,-54.636633492646126,-48.77368988144722
0,36,-2.9809433191079906,0.038157175530075124,-0.000157029540465984,1.8061614171231573e-07,3.8723776259503535,3.872377625950353,21.215964717095975,0.8174781266095356,-38.62517832115358,-33.74967502168077
0,37,-4.635437722726738,0.05964666334856152,-0.00023889885797175644,2.7825561137546394e-07,7.987149303922826,7.987149303922826,31.75687016633497,0.7484906647888149,-16.326186964435465,-11.784210100718866
0,38,-4.581040631947318,0.06143496729038056,-0.0002561972818206251,3.012368397020767e-07,10.776306884359254,10.776306884359254,49.280360328652904,0.7813265403805576,-9.43731887061929,-4.895342006902691
0,39,-3.294181855382038,0.04384832997204188,-0.00017772610557632582,2.026184929237949e-07,4.671283243808107,4.671283243808107,21.461007397864385,0.7823362549013915,-28.663389141427068,-24.12141227771047
0,40,-3.233701971336471,0.019675050515984557,-8.042744294669756e-05,9.063241791455982e-08,0.4814416838443858,0.4814416838443858,2.9880491791598214,0.8388775903682558,-71.28534473258044,-67.10725498168675
0,41,-4.73270512551368,0.042706998137126875,-0.00016118010776110454,1.808571446997638e-07,1.9664057201253637,1.9664057201253637,17.7019122957138,0.8889156331092266,-45.126371861203545,-40.76220204777028
0,42,-2.112932643735694,0.028793100093376555,-0.00011875491303160085,1.414206797957531e-07,9.388150792633635,9.388150792633635,32.10805256010572,0.7076075923614744,-31.241202005292145,-25.378258394093237
0,43,-5.420999274312244,0.039552241540700986,-0.00012898566445271575,1.3369505011043396e-07,1.4989813077608642,1.4989813077608642,24.3233318100068,0.9383726983017938,-47.43447045822012,-43.25638070732643
0,44,-3.5197844093471886,0.0364460967634178,-0.00013321145714846898,1.3627895385187812e-07,0.42288097590713036,0.42288097590713036,18.81115131840496,0.9775196653969085,-83.91165093476731,-79.36967407105071
0,45,-4.273799866843994,0.09132465949588124,-0.0008192087120424908,2.2680099817833304e-06,1.2754832009362431,1.2754832009362431,15.248982723481188,0.9163561777158953,-18.898978742156245,-16.959352143004246
0,46,-3.38930214011162,0.05645335268222781,-0.00031148374902157424,5.518157588582769e-07,0.41079134109698734,0.41079134109698734,21.87225807291858,0.9812186131067274,-55.28901479701197,-51.95616142078711
0,47,-4.23000057396562,0.09412760012982359,-0.0006677704097389443,1.3849046334065005e-06,0.8934098323743144,0.8934098323743144,24.001618597425203,0.9627771006881113,-34.311400984885644,-31.479200180476802
0,48,-4.656071809144759,0.11218428019377541,-0.0008683476813209494,1.9233135559821254e-06,2.203186236301693,2.203186236301693,30.33677282405489,0.9273757215680264,-20.77218398903837,-17.939983184629533
0,49,-4.847847980210503,0.12051275182293923,-0.0011923460821500736,3.5491831518710444e-06,1.674234689535544,1.674234689535544,24.10621256237642,0.9305475845613096,-21.73181638727261,-19.175587068811573
0,50,-3.3233499474884423,0.1393445802189701,-0.0017538634996744223,6.39832021508361e-06,2.1993341263592514,2.1993341263592514,21.272570904450557,0.8966117383630807,-20.798433345826048,-17.966232541417206
0,51,-4.024532018554203,0.12122981292700365,-0.0015381873439104655,5.505047873046572e-06,1.058803436592754,1.058803436592754,12.058770240474432,0.9121964001736302,-24.601528964588127,-22.34173153474198
0,52,-3.7678451229736916,0.11250761982128377,-0.0014087435678840124,5.267871315109947e-06,0.8449698316603933,0.8449698316603933,12.401583116286066,0.9318659703573846,-23.840332050728207,-21.900705451576208
0,53,-3.3281014783656646,0.09350546569977741,-0.0012802198927851457,4.638089956442348e-06,0.8503992522051613,0.8503992522051613,5.507665098761002,0.8455971383596896,-27.450982953894908,-25.191185524048763
0,54,-3.636699881597919,0.11639339814497625,-0.0015243168073470876,5.303331745505944e-06,2.041049283424308,2.041049283424308,10.7065695889527,0.8093647767880467,-18.958306191241185,-16.40207687278015
0,55,-3.33351157639938,0.08860797974514924,-0.0010983939048438912,3.822765677221912e-06,0.8444626402070252,0.8444626402070252,7.289825040219893,0.8841587232138081,-31.313569571888593,-28.757340253427557
0,56,-3.633927473184675,0.1278299977914376,-0.0015749023045984966,5.822502848617645e-06,0.8710623929316372,0.8710623929316372,22.16044570745455,0.9606929208721365,-38.57008629214667,-35.47973140318754
0,57,-1.6694081054028813,0.11109084905800334,-0.00165961204512809,6.777384537184056e-06,6.320497706648621,6.320497706648622,13.025978089991288,0.5147774959405871,-6.860652258075511,-3.7702973691163866
0,58,-3.330652811415667,0.1775299366769318,-0.002472379895832602,9.514629826735925e-06,5.0189197272740795,5.01891972727408,25.440972090634517,0.8027229577001236,-10.549984087419979,-7.4596291984608545
0,59,-6.5069082019210605,0.10935366057615395,-0.0003116812563123527,-1.2941022174083088e-06,4.98746573539672,4.987465735396718,99.15469493876014,0.9497001555148037,-12.846852343315401,-9.513998967090536
0,60,-3.949037374244018,0.1978542366534325,-0.0027681958409510876,1.0738509836542561e-05,4.422658318013208,4.422658318013208,30.595435991284674,0.855447122267745,-12.573564440345741,-9.483209551386617
0,61,-3.064244048244546,0.1565815702235277,-0.0021631008450469285,8.436542594662684e-06,3.999393340080453,3.999393340080454,21.0912009121439,0.8103762153354823,-11.828612746967533,-8.996411942558693
0,62,-3.6603509202672484,0.08628699330040385,-0.001140221189367337,4.12717661527401e-06,1.092207348472765,1.092207348472765,5.803295710638734,0.8117953309753791,-27.711992270690004,-25.15576295222897
0,63,-4.438657598585459,0.13306508522081126,-0.001665776808862949,6.141358193055812e-06,1.1353121059918092,1.1353121059918092,18.14362975223535,0.9374264068714291,-23.694542893993724,-21.434745464147575
0,64,-1.8331849540246108,0.11412073599328613,-0.0016906101749005272,6.860088481744466e-06,5.640543457167101,5.640543457167101,12.9966278627141,0.565999464111056,-8.681732859490769,-5.591377970531644
0,65,-5.177588934078529,0.16313812274902,-0.002046429357881362,7.757223894732556e-06,4.689914630392775,4.689914630392775,37.74295297375834,0.8757406545891216,-9.439537319268656,-6.607336514859815
0,66,-3.7097677480786233,0.14663657638076097,-0.0018548428474901293,6.662357750384915e-06,2.6454598622309478,2.6454598622309478,22.634281033112035,0.8831215421262613,-20.79590097735525,-17.705546088396126
0,67,-3.724062560810812,0.10976755666053536,-0.0013548285614831213,4.9967172449045e-06,3.1618831599696984,3.161883159969699,16.816114412803525,0.8119730228784426,-12.830453599436957,-10.274224280975924
0,68,-1.7332857303997034,0.11551085149485481,-0.0017256249390642376,7.0703822265859865e-06,6.997230090753569,6.997230090753568,14.518464128261975,0.5180461218943538,-5.233189645053013,-2.1428347560938885
0,69,-3.8590282825388496,0.2154083382275678,-0.0031194728136752416,1.2336775507770267e-05,7.327742524505611,7.327742524505611,33.79589696980241,0.7831765633842134,-4.494739701332222,-1.404384812373097
0,70,-3.3765070300944755,0.18305468767757027,-0.0027196429415734832,1.0817051257597479e-05,5.5158228717738425,5.5158228717738425,18.545317003247217,0.7025759726399909,-5.040110746822917,-2.483881428361883
0,71,-6.291898730917212,0.3036627681119905,-0.0043721176473645075,1.7576305040971783e-05,43.94517386834051,43.94517386834051,98.29155508393704,0.5529099745058149,24.123389111080826,26.955589915489668
0,72,-3.085439284993818,0.16301514604394093,-0.0022962403551905434,9.114981708955855e-06,5.158498547484928,5.158498547484929,26.55058725186336,0.8057105668303853,-12.273652363274746,-8.940798987049881
0,73,-4.0028439614958105,0.13365193503732123,-0.0018677379454145708,7.346643641193301e-06,4.0134940836781965,4.013494083678196,18.633926427660708,0.784613613279032,-16.540369372743605,-13.20751599651874
0,74,-3.112792493489701,0.10470647063942791,-0.001498535689092484,5.854424194109362e-06,1.7499127036548545,1.749912703654854,7.547062978531086,0.7681332846124671,-24.227264470552214,-21.395063666143372
0,75,-3.115693282028755,0.11569953872021735,-0.0016142822202911305,6.483698040237259e-06,3.6414095132568662,3.6414095132568667,15.599449716583859,0.7665680790402712,-15.683486186050857,-12.593131297091732
0,76,-3.3530899327162285,0.139339144791802,-0.001950652875783314,7.126533593279132e-06,3.479843027474601,3.479843027474602,14.472967002798384,0.7595625674540842,-16.409624584292484,-13.31926969533336
0,77,-3.338567179915338,0.1025070928188452,-0.001418636522260832,5.49963611439387e-06,1.256830910812961,1.256830910812961,8.749907248850768,0.8563606590254959,-29.19185197886535,-26.35965117445651
0,78,-3.388168632544171,0.09950371019112812,-0.0014475983185839433,5.789527433511152e-06,1.2083714339397573,1.2083714339397573,7.323522892967553,0.835001344079896,-33.33304306499217,-30.24268817603304
0,79,-1.6061275686590486,0.12887699407537473,-0.002027445608351212,8.483955257518947e-06,14.940613702669753,14.940613702669753,23.926997852993797,0.375575080732481,4.646806978173977,8.208294009758635
0,80,-2.5167455609632263,0.1841192592567482,-0.0029532096293595476,1.2246398688434056e-05,15.498356647185595,15.498356647185595,30.75842377361443,0.49612643478562823,5.306520277628113,8.868007309212771
0,81,-3.2584281723633794,0.13082038513418406,-0.0018144465488717698,6.5516150982113775e-06,2.69624024888856,2.6962402488885595,12.52388049727847,0.7847120747060408,-20.49168672113324,-17.401331832174115
0,82,-3.317530728556717,0.20460122072700887,-0.0032517986887866334,1.3558761055808422e-05,14.990809821719038,14.990809821719036,33.86345210758452,0.5573159589845393,5.861807842405394,9.194661218630259
0,83,-2.0267533986803867,0.13886529314388385,-0.0023317520563372546,9.699964493163765e-06,9.406701801822132,9.40670180182213,16.753035569949034,0.4385076207505033,-2.0604461699438534,1.2724072062810112
0,84,-3.5516296072765514,0.09638399278503701,-0.0014142363522061509,5.584995919931933e-06,2.160680684371836,2.160680684371836,6.76978332022242,0.6808345877308157,-21.064403460940888,-18.232202656532046
0,85,-4.207575865720813,0.13116157048172383,-0.0018520426213237903,7.250094077475473e-06,2.9723199772033917,2.9723199772033917,14.474885648552512,0.794656755889424,-16.280611241663316,-13.448410437254475
0,86,-1.3128617510457086,0.09680924415350417,-0.00151011285229433,6.314063776867946e-06,8.67205262143981,8.67205262143981,13.372694063482601,0.35151043011438043,-3.4428331339169223,-0.10997975769205759
0,87,-3.835540930229008,0.15308441617855043,-0.00211977330920709,8.307221897995325e-06,6.060991670518277,6.060991670518277,24.844579860562447,0.7560437043196164,-9.53277856117387,-6.199925184949006
0,88,-2.9810895571358875,0.15286030950288357,-0.0021921858714650036,8.710831663311905e-06,4.938508293835648,4.938508293835648,21.155999108986002,0.7665670021824675,-13.014550395548113,-9.681697019323249
0,89,6.17628596881926,0.0007636363014022979,1.529044998047999e-05,-1.2584163711321465e-08,5.058445376640269,5.058445376640268,30.061663283988786,0.8317310213725114,-0.5451968197676624,1.0463842714258202
0,90,6.016417367501252,0.0027953950032968042,1.0433101393165758e-05,-9.508650222478619e-09,4.93518000638698,4.93518000638698,29.90230314108893,0.8349565254856399,-0.8165673763176287,0.775013714875854
0,91,6.993319265581291,0.0016129173806534094,8.278657020389069e-06,-7.0277775384617606e-09,1.3326812004987818,1.3326812004987818,15.846195044953356,0.9158989778481106,-15.217726615828141,-13.626145524634659
0,92,6.099764193553041,0.006961227012332257,-3.49733238755902e-08,-3.0723435997318227e-09,6.183656922760756,6.183656922760756,27.656175530316418,0.7764095431061213,1.6641601461358242,3.255741237329307
0,93,6.644957362810833,0.006707730125032373,-3.090362019693104e-06,-4.988122088108705e-10,0.3603377139306462,0.3603377139306461,4.505929866162437,0.9200303323323727,-16.80124107756358,-16.483474910844237
0,94,6.314043931253378,0.012466704222283458,-1.3864126171303631e-05,4.925143324323601e-09,2.2192901830973333,2.2192901830973333,17.299222600539412,0.8717115656383234,-9.6077865192307,-8.016205428037217
0,95,6.4980942202414935,0.014028982175000336,-1.8272103550744518e-05,7.719739453973314e-09,0.13293746150971186,0.13293746150971186,9.819979473224727,0.9864625519969588,-35.20461568552492,-33.99427531354874
0,96,6.449002956775874,0.012282340630263709,-1.5651500836824927e-05,6.918741821920903e-09,1.583209075705808,1.583209075705808,14.625708551555974,0.8917516323995547,-13.322855675012367,-11.731274583818884
0,97,6.019240462082294,0.011338967451328943,-9.204129531081692e-06,1.5897802947897289e-09,3.3170518642392306,3.31705186423923,21.464027868101905,0.8454599535267673,-5.187007647748835,-3.5954265565553527
0,98,5.817811406141186,0.016072069123144572,-2.063695239575389e-05,8.664910828460845e-09,4.72145810784427,4.72145810784427,23.07604580556737,0.7953957039422603,-1.3035535972915167,0.288027493901966
0,99,6.711738282144688,0.018224428349900425,-3.274621564336162e-05,1.823394831084506e-08,0.8214687522952973,0.8214687522952973,10.448523564853728,0.9213794420621765,-24.178816352711706,-22.239189753559707
0,100,6.372236599127261,0.017840645027088205,-2.9934570101075318e-05,1.5844210815941005e-08,2.18219563428111,2.18219563428111,13.347303000533007,0.8365066235333111,-12.454901297866307,-10.515274698714306
0,101,6.727757638778189,0.016255589233059056,-2.555166005352168e-05,1.2187228403849505e-08,1.0835358093027871,1.0835358093027874,10.91070914904655,0.9006906155685147,-24.301356962639915,-22.04155953279377
0,102,6.019520587193089,0.019774677822504638,-3.109273699884592e-05,1.5086543865502773e-08,2.068697007960777,2.068697007960777,14.876954957808156,0.8609462074848171,-15.894395370737069,-13.634597940890922
0,103,6.64477318632274,0.01752922181033486,-2.8783984512681352e-05,1.4372701020252162e-08,0.7561826028965948,0.7561826028965946,10.808572601713431,0.9300386248248247,-28.977482765688293,-26.717685335842148
0,104,7.5758533334341065,0.007829686571319532,-1.2357517727964697e-05,6.50987772291187e-09,1.5952016240259776,1.595201624025978,5.049384390952707,0.6840799787625202,-19.27333984916022,-17.01354241931407
0,105,7.53565368025123,0.006566403005939447,-9.534799744559878e-06,4.922929561850165e-09,1.3456281417604041,1.345628141760404,5.012417669341807,0.7315410984222507,-21.485149635907852,-19.225352206061707
0,106,7.620438598765633,0.00713321850114512,-1.0462816265210782e-05,5.0970610472348226e-09,1.3280921247363262,1.3280921247363262,4.388912568957447,0.6973983637473542,-21.655677191100526,-19.395879761254378
0,107,6.929285376346344,0.011012990505322189,-1.5529995346333146e-05,6.98290916521429e-09,1.7675973895171555,1.7675973895171555,8.867679992289593,0.8006696913900735,-24.07643475520642,-21.24423395079758
0,108,7.530259824264972,0.009447520816078536,-1.5031597370417088e-05,7.48760857687533e-09,1.0583351923070579,1.0583351923070579,4.695495276365112,0.7746062704749777,-21.138514595228703,-19.1988879960767
0,109,6.2856602238559,-0.00017574284402607215,1.4885599352280953e-05,-1.503957952271081e-08,5.71818741496069,5.71818741496069,11.624610152159908,0.5080964144076502,0.8033225656594833,2.394903656852966
0,110,6.815785056827355,-0.00839773802133476,3.388531656966921e-05,-2.6395287626253606e-08,8.537367508978342,8.537367508978342,16.43945028175465,0.4806780419869907,5.212131765904197,6.80371285709768
0,111,6.226115935845781,-0.001387533434801377,2.1463680560998067e-05,-2.0530209752409493e-08,6.063691740426236,6.063691740426237,15.710941461280372,0.6140465703236047,1.44865893875878,3.0402400299522627
0,112,6.248339547797643,-0.002517920855880422,1.7477076648271526e-05,-1.2966670790532803e-08,6.39987284327939,6.39987284327939,17.98326586698692,0.644120656914267,0.4564576657118531,2.3960842648638545
0,113,7.083699106675867,-0.0053202782970831084,2.0280261693476333e-05,-1.3994768434509505e-08,2.9278563950207896,2.9278563950207896,9.079880498254562,0.6775446113433303,-8.927633203697177,-6.988006604545175
0,114,0.3708042192994969,-0.011723434888108003,9.606514422130998e-05,-9.802608787315921e-08,0.08027938819303057,0.08027938819303057,48.43632704250082,0.9983425789465293,-34.475202579998594,-33.686304270653714
0,115,0.0756753095946774,-0.006499410563458675,8.865813289941638e-05,-1.0514035995096707e-07,0.9316040642266292,0.9316040642266292,37.86010768563291,0.9753935178430527,-9.20231136024595,-8.884545193526607
0,116,-0.20594856838362685,0.00025229457163436665,0.0002973739933811531,-7.117415441161737e-07,1.5366145236498978,1.5366145236498978,117.18827628820712,0.9868876429253826,-22.932659721591694,-20.376430403130662
0,117,-0.11046062562454709,-0.020016945616293493,0.0010062251444270772,-3.6347432738691196e-06,1.0066508933020417,1.0066508933020417,80.20081592950469,0.9874483709219758,-18.303930390184888,-16.712349298991406
0,118,0.5697567837661743,-0.01838167363888621,0.001801581848970613,-1.0117554434447551e-05,1.0138246297875415,1.0138246297875415,40.03648522297004,0.9746774816984713,-11.651451724468831,-10.862553415123953
0,119,1.350202234673825,-0.08354637013505625,0.008760323571950663,-9.888106727851874e-05,0.2531961992611084,0.2531961992611085,39.725656734402556,0.9936263810324415,-24.137336592802953,-23.348438283458073
0,120,-0.32682872605976837,0.0014471509876034677,4.880975091971012e-05,-5.359311746981102e-08,0.2045555192422636,0.20455551924226356,48.68204335559524,0.9957981320186563,-30.89500945602223,-29.684669084046046
0,121,-2.5855540848396403,0.02529313674730099,6.761730709614263e-06,-4.546465314307789e-08,0.06300455564784103,0.06300455564784103,18.34854654793657,0.9965662372502782,-19.337846275375266,-20.170808398463045
0,122,-0.2661564493019689,-0.004517044855540596,0.0002781244208820766,-5.954549518252354e-07,0.9244319215220279,0.9244319215220278,89.97659364154113,0.9897258622036206,-26.365827944329588,-24.106030514483443
0,123,-0.41152319247077057,0.04541135922422225,0.00021661016226029266,-1.2427893786484086e-06,0.3390978052592114,0.3390978052592114,77.8399389959597,0.9956436527362025,-39.40340877461053,-37.14361134476439
0,124,1.0024459047073222,-0.014418703277400578,0.0017353728775782776,-9.5209843916075e-06,0.16541874980228818,0.1654187498022882,75.39509356609148,0.9978059746068585,-43.41018150703526,-41.47055490788326
0,125,0.44692601126181675,0.003304203414971057,0.004529827800844514,-4.346462155045338e-05,0.4343163322620009,0.4343163322620009,53.94873151270692,0.9919494616447153,-19.280860403855183,-18.491962094510306
0,126,-0.49546687906044407,0.0019664619327346457,3.6528250936662725e-05,-4.9102179959054305e-08,1.5287932999754643,1.528793299975464,16.84854080608659,0.9092625695263068,-10.781063615980113,-9.57072324400393
0,127,-5.978268352986515,0.051908547877840244,-6.51495875293281e-05,1.7029959299537202e-08,0.36801769038625776,0.36801769038625776,24.46577349696443,0.9849578559029855,-12.618740935254973,-12.835100339033719
0,128,0.6765807947249627,-0.030445804435862634,0.00028517355651224726,-4.431174539769997e-07,0.3968021462199723,0.3968021462199723,65.04599335412207,0.99389966813083,-37.36046907895216,-35.10067164910601
0,129,-2.3273702395964024,0.08718498350524169,-0.00027792077200945064,2.7170189007208336e-07,0.7734233296602613,0.7734233296602613,50.16583185527485,0.9845826671051416,-24.90202461985843,-22.96239802070643
0,130,-2.2944864193619217,0.12206064216948845,-0.00011222196607953745,-1.92746654941596e-06,0.26856296120295003,0.26856296120295003,72.27690685472676,0.9962842493835168,-32.83821690239115,-31.24663581119767
0,131,-0.5149945411124517,0.09294014637957694,0.0023100234523443816,-2.6728813434672825e-05,0.1827709386627536,0.18277093866275362,57.164402903218374,0.9968027141126237,-27.070715699251743,-26.281817389906863
0,132,-1.8787246519232026,0.02758369966579028,-1.1332992556129652e-05,-2.0490572589928934e-08,2.448054448178073,2.4480544481780733,62.49931756351849,0.9608307011402148,-8.52861833142114,-6.9370372402276566
0,133,-2.4820990323258254,0.03756715364691194,-2.1823177110666035e-05,-2.9650693060875143e-08,1.0140636090760191,1.0140636090760191,45.98365184115997,0.9779473015197038,-5.52361160506733,-5.739971008846077
0,134,-3.0424823011667015,0.028501207510777987,0.0001436662881096287,-4.483422785040096e-07,0.18307134172583264,0.18307134172583264,37.66938299553162,0.9951400493672129,-32.00464449608421,-30.794304124108027
0,135,-0.8782811173300193,0.03569868485902096,0.0004357608219009457,-2.0448564844704855e-06,1.4090077156169305,1.4090077156169303,105.68900671093952,0.9866683606983783,-20.88682743189863,-18.627030002052486
0,136,-0.35576141678016737,0.07543618768243407,0.0005925781078650676,-4.98981128659355e-06,0.7146123133727772,0.7146123133727771,98.75671496923982,0.9927639116631678,-25.85106102626915,-23.91143442711715
0,137,0.05177957758217473,0.07910656972681143,0.003214411824961586,-3.816869914621914e-05,0.22378923657271704,0.22378923657271704,67.39221199346805,0.996679301213701,-25.24847639997494,-24.45957809063006
0,138,-0.5438853451937962,0.012218500463656488,2.6750971602095965e-05,-4.815019351512149e-08,3.5300199946587036,3.5300199946587036,57.827372782241575,0.9389558988275056,-4.5025091142593645,-2.910928023065882
0,139,-1.8244860247423955,0.02034701975426324,2.6146045177339365e-05,-8.030145080091738e-08,1.009157710501554,1.009157710501554,27.136552141924145,0.9628118669894518,-5.557558812912502,-5.773918216691249
0,140,0.443699851888057,-0.027322073817043466,0.0003783753217415453,-7.671435001868178e-07,0.17106483225526686,0.1710648322552669,41.3424071046147,0.9958622430517314,-37.79968724249628,-36.2081061513028
0,141,-0.6791666051035306,0.02393366533375672,0.00047887985291917553,-2.185529428726731e-06,1.552319237776349,1.5523192377763488,71.65436205639776,0.978336012027369,-19.62759041131944,-17.367792981473293
0,142,-0.3414962025195578,0.0758128939095511,0.000180026885365615,-2.5455880035107948e-06,0.19118169681159403,0.19118169681159403,60.046966724708525,0.9968161306517266,-41.67325192849463,-39.73362532934263
0,143,-0.8715569149576975,0.06851238508348019,0.0036195448206095813,-4.4815178409585754e-05,0.023622027963657373,0.023622027963657373,36.8913566164852,0.9993596866548111,-38.60013724540657,-38.28237107868723
0,144,0.16340650637014473,-0.007209626927882024,9.869979658609114e-05,-1.0905053701199907e-07,1.0059764178521673,1.0059764178521673,79.28354883483033,0.987311662600423,-14.966264630900941,-13.755924258924757
0,145,-13.821769855234,0.11759483161985047,-0.00021362718723983852,1.2309380034689863e-07,0.10256957058749752,0.10256957058749752,12.50768561131797,0.9917994764359376,-16.41384065458486,-17.24680277767264
0,146,0.2968621215036973,-0.03881923018792422,0.00045490970044817763,-8.489951748686484e-07,1.3840470162927776,1.3840470162927776,94.26395842815899,0.9853173255253481,-21.119187883932383,-18.85939045408624
0,147,-5.2410271911372925,0.17779528981005233,-0.0007571166038331262,9.980837941860308e-07,0.956567194794941,0.9565671947949411,72.34665856460686,0.9867780044887532,-18.865294661339817,-17.273713570146334
0,148,-1.3193575401397228,0.16162989766911043,-0.0004721677812314142,-1.561573624173479e-06,1.0098522523610673,1.0098522523610673,100.68153680266343,0.9899698367304386,-21.70123137311822,-19.76160477396622
0,149,0.08999114597080823,-0.06656059240176751,0.01077775704789472,-0.00012791452893721022,0.9447170071462919,0.9447170071462919,73.61631094715105,0.9871670150950038,-12.286849933089727,-11.497951623744848
0,150,0.040988714667752814,-0.007551833013172633,0.00011087257295767099,-1.3874562344675257e-07,0.2578007657856385,0.25780076578563843,57.0981707317074,0.9954849557791091,-28.58153311011433,-27.371192738138145
0,151,-1.8053776402540118,0.01763913390195023,6.160878965719731e-05,-1.244523706341518e-07,0.1397072269684989,0.1397072269684989,24.543426531826345,0.9943077537772758,-14.559794507364156,-15.392756630451936
0,152,0.14662077310670954,-0.01925911514038745,0.0004297013706741491,-9.67326326526275e-07,1.1654432862713116,1.1654432862713116,96.2743788038258,0.9878945644651098,-23.354021914536023,-21.094224484689875
0,153,-0.8077535772995391,0.003482072107984665,0.000739647434513666,-3.040996848235498e-06,1.8385295899605614,1.8385295899605612,62.15209200872508,0.9704188623336691,-14.511286402448892,-12.57165980329689
0,154,0.6578300428507123,-0.07074076521627684,0.003941060437482561,-2.553111753642247e-05,0.4091996445227217,0.40919964452272173,66.75414931588352,0.9938700492970651,-23.9613720661189,-22.751031694142718
0,155,1.7795644339401586,-0.2967358720888039,0.018920238215416673,-0.00022390316436584755,0.2323483949605182,0.2323483949605182,35.70134964306965,0.9934918876377655,-20.311670984057155,-19.993904817337814
0,156,-0.626342193859334,0.00586765849177825,5.5140673740227946e-05,-7.979541563393881e-08,0.8363734167507071,0.8363734167507071,48.412454462414765,0.9827240030269477,-16.812651878647323,-15.602311506671139
0,157,-3.3379143637279225,0.029931993240862747,6.984571603012957e-06,-5.6509872265136334e-08,0.08894957706293376,0.08894957706293376,21.720774016040142,0.9959048615395912,-17.268670533296444,-18.101632656384226
0,158,0.4075196348372257,-0.008789684777123604,0.00024569732466639974,-4.870840851689734e-07,0.5648745583967955,0.5648745583967955,85.6256501428418,0.9934029749560503,-36.942924916929314,-34.38669559846828
0,159,-0.49196432099971726,0.020532213414364654,0.00043396332378227816,-1.8509453277583502e-06,0.6062818817715978,0.6062818817715978,56.98892744274128,0.989361409154774,-27.82380279294324,-25.88417619379124
0,160,-0.5700687396100308,0.027316368043484262,0.0012640519123011684,-8.955444887239092e-06,0.3306094475814123,0.3306094475814123,36.91569277308116,0.9910442030815011,-21.736378848371384,-20.947480539026508
0,161,-2.2564209867576257,0.0462131414544164,0.006371448574244391,-8.364372692795267e-05,0.1529225185873398,0.1529225185873398,16.64769182828256,0.9908141909302081,-14.017500217304192,-14.850462340391973
0,162,0.8063959480821766,-0.025089011533160455,0.0001577455160604191,-1.6219937761780757e-07,0.9034957522007565,0.9034957522007563,76.93444604919114,0.9882562909256138,-12.688376030114295,-11.899477720769417
0,163,1.565250878275059,-0.03391052358823756,0.00021309968104409947,-2.3837969426042973e-07,0.23241503002938038,0.23241503002938038,67.36411975419347,0.9965498691161193,-15.83598512432804,-16.052344528106786
0,164,0.33093816097640666,-0.03248792192289685,0.00044962161987493305,-8.732105762403644e-07,1.1244715747284946,1.1244715747284946,113.14764448494567,0.9900619091113461,-23.81926986558497,-21.559472435738826
0,165,-0.8184541664202789,0.02861769961931643,0.0003906695433050332,-1.685298813304033e-06,1.8293105415680437,1.8293105415680437,74.96430321063416,0.9755975782709797,-14.571610085986123,-12.631983486834121
0,166,-0.30301611678125856,-0.00013128840107234433,0.001954033455269503,-1.1990280718056448e-05,0.27781423675505407,0.27781423675505407,54.77538604316898,0.9949281190544945,-23.302244611836286,-22.513346302491406
0,167,0.87839657168287,-0.13664702772862983,0.009824609109037449,-0.00010164109716536406,0.21390429795151125,0.21390429795151125,41.65915089038623,0.9948653706717562,-25.655060324412247,-24.866162015067367
0,168,0.5522543790566393,-0.01651843414047574,0.00013475830517133846,-1.586744951350054e-07,0.24849111789967696,0.24849111789967698,50.81623263888892,0.9951100051106601,-28.949332699367332,-27.73899232739115
0,169,0.2774373305959359,-0.0225513646170994,0.0004633956105928648,-1.031078889333754e-06,1.476738567935915,1.476738567935915,123.64724485367074,0.988056842110121,-23.489098813301702,-20.932869494840666
0,170,0.8099170977859652,-0.022235447024452074,0.00019171622026011614,-2.546041445785915e-07,0.24719719299834433,0.24719719299834433,39.56928571428577,0.9937528012311555,-15.404353403921533,-15.62071280770028
0,171,0.47624942852178515,-0.06750540163786879,0.0018497069041394142,-7.408851750378344e-06,0.9625892584572829,0.9625892584572828,61.99284939236113,0.9844725759842893,-15.407135740544511,-14.196795368568328
0,172,-1.6126764533829872,0.06558034299252459,0.0018702796116191669,-1.6409221901164417e-05,0.6044110713281842,0.6044110713281841,56.47412712191363,0.9892975579768872,-16.306527773845364,-15.517629464500486
0,173,0.011613549100275905,-0.07667320591602954,0.012074530031837437,-0.00016276467464317892,0.18186728622236312,0.18186728622236312,31.97981770833335,0.9943130605721067,-22.271356769269936,-21.95359060255059
0,174,0.8954339302247705,-0.018427961074425223,0.00013344595401079877,-1.507402255039328e-07,0.18231338124136684,0.18231338124136687,48.8321993496388,0.996266533482631,-32.046132906739906,-30.835792534763723
0,175,0.8982633220192621,-0.017879350135019845,0.00017490053462532225,-2.3118772569090736e-07,0.28826919728404804,0.28826919728404804,44.779242948637915,0.9935624370064787,-14.328394701771533,-14.544754105550279
0,176,0.5139378498517343,-0.024592507920759912,0.0003764690867976032,-7.227180054045062e-07,0.41748826402669215,0.41748826402669204,99.10010423612023,0.9957872066104798,-36.69982663462638,-34.44002920478024
0,177,-1.9554382877134857,0.05519036166886351,0.0002990875577371131,-2.0047545540533935e-06,0.9754549100133165,0.9754549100133165,60.41997069603279,0.9838554223251657,-22.11709590653963,-20.177469307387632
0,178,-0.9227740695157766,0.011364258524813996,0.0020209503147563387,-1.4181025847993402e-05,0.47163482256905664,0.47163482256905664,36.36012797736536,0.9870287909090238,-14.64793452415826,-14.330168357438916
0,179,0.8978890263707293,-0.25285330107805837,0.01752664381168608,-0.00020898425627414473,0.29153774333069504,0.2915377433306951,36.28710130917834,0.9919658023701949,-18.49621874847649,-18.17845258175715
0,180,0.9714541478658928,-0.02161763464141278,0.00015800391111917247,-1.8366550788905498e-07,0.315978328844002,0.315978328844002,50.33577986358847,0.9937225899807193,-22.143756022216497,-21.35485771287162
0,181,2.9519315246558473,-0.061093910610106654,0.00036625892872126493,-4.436296976699018e-07,0.3037405025525369,0.3037405025525369,63.63947186526778,0.9952271680821677,-9.900046128166107,-10.733008251253887
0,182,1.3446198374270182,-0.06519447037938134,0.0007291212355443902,-1.429059846779762e-06,1.0198728663159533,1.0198728663159535,129.9959904886679,0.9921545821337862,-18.160390235509436,-16.568809144315953
0,183,-0.45552937415650946,-0.0029837670678652755,0.001024247094594535,-4.15292930500784e-06,1.6807599443034453,1.6807599443034453,91.30158261246785,0.9815911192751446,-12.66514157248152,-11.073560481288037
0,184,0.28686935644590494,-0.030057477311610185,0.0033146110794285265,-2.202700940908923e-05,0.5543924088060959,0.5543924088060959,70.10331226857122,0.9920917801047378,-17.083963910494944,-16.295065601150064
0,185,0.86177185405094,-0.19365439393175882,0.01660925272213435,-0.00020322827221044102,0.08208114024489263,0.08208114024489263,70.3005546045169,0.9988324254238583,-40.02632098777741,-38.81598061580122
0,186,4.556487154280017,0.02858100611782467,0.5090331774534592,-0.06255368093673207,0.8523751426794043,0.8523751426794043,27.576618991862702,0.9690906581792742,-6.739470828643633,-6.95583023242238
0,187,3.3328431663572147,-0.0666239373984307,0.2041853880395277,-0.018662979502362034,0.059508125709117225,0.059508125709117225,6.0225882165904085,0.9901191774086114,-19.6804112706591,-20.513373393746882
0,188,4.009719901648177,-0.11154947269141216,-0.05506336740626967,0.015947878412444397,0.003290800193700224,0.003290800193700224,1.0233197792760604,0.9967841917450005,-45.63774271004575,-45.854102113824496
0,189,4.891541341808273,1.8936163465151752,-0.25051413541158807,0.01142758160340035,0.02768562231100615,0.02768562231100615,15.583413385342855,0.9982233916519826,-24.271609119485433,-25.104571242573215
0,190,3.835780246990327,0.7571734715167661,0.28101734938580164,-0.05451408555558502,0.3299604961693339,0.3299604961693339,14.165590411871637,0.9767069012603381,-9.403250856958515,-10.236212980046295
0,191,3.8342129814453942,-0.12145626600534076,0.1950013310368592,-0.017170498927089634,0.009784454366783515,0.009784454366783515,3.677408999463083,0.9973393075482733,-30.512319466756402,-31.345281589844184
0,192,5.3506562683930445,-0.10218818573275966,0.1347832034954548,-0.008167671796079743,0.8012817429942274,0.8012817429942273,24.735585786644442,0.9676061141261969,-13.768905088240604,-12.980006778895726
0,193,4.516395366288847,-0.018676133698474172,0.03352299777409898,-0.0008534141854527077,0.09653528835507422,0.09653528835507423,10.160414523860352,0.9904988828823496,-32.815641091446466,-32.026742782101586
0,194,5.260349524476921,-0.7315418601028637,0.7631602377245693,-0.08825218211820224,0.045355100584178194,0.045355100584178194,16.18707905214373,0.9971980676416001,-21.30995263862225,-22.14291476171003
0,195,3.83908193772704,0.6810801488376836,0.1320831836767077,-0.012424267123256038,0.09492843505324565,0.09492843505324565,13.774174341132214,0.9931082304679583,-16.878348734338843,-17.711310857426625
0,196,3.3984256010245626,0.800984037648297,0.013295185782283959,-0.0042836909508395015,0.022936416523607967,0.022936416523607967,6.434187930442152,0.9964352274488147,-25.4007331572343,-26.23369528032208
0,197,4.177113427224862,0.05186361738048698,0.25375211534860914,-0.02188791965079201,0.5547536832206983,0.5547536832206983,29.221187989542322,0.9810153617498634,-9.74598858775656,-9.962347991535307
0,198,3.592055887412921,0.06293022260045786,-0.010239275845782153,0.003763168671984294,0.026137462142707894,0.026137462142707894,5.34582281536793,0.9951106755600712,-31.132070681715824,-31.34843008549457
0,199,4.244542367735733,-0.45507594711508464,0.17094943217586098,-0.011401454873316869,0.04521155610353676,0.04521155610353676,4.120765761805133,0.9890283605725428,-27.29618895508159,-27.512548358860336
0,200,5.002954577754028,0.3045066877743512,0.4826797104166884,-0.06961658090256492,0.005112631509192363,0.005112631509192363,11.410922821248658,0.9995519528447189,-26.427394736543697,-27.989643086807295
0,201,3.5422729102114263,1.6307063714472179,0.5072034841971927,-0.14557977522785728,0.04327065812594376,0.04327065812594376,21.122246426648957,0.9979514177965773,-15.748592137718475,-17.310840487982073
0,202,4.099944342600998,-0.09241142439694161,1.4647049328530908,-0.29876275514351397,0.01172590683939312,0.01172590683939312,16.196160449335892,0.999276006997086,-22.276962688478587,-23.839211038742185
0,203,4.7244346612029595,-0.3271217297000929,0.3629207980279503,-0.03216526179418369,0.14036370833255424,0.14036370833255424,16.675766252126692,0.9915827730965794,-19.36599920263512,-19.582358606413866
0,204,3.522808083400158,0.4180749073843739,0.17816690314231876,-0.01850249372247113,0.08290050986572385,0.08290050986572385,20.611114634831928,0.995977873524335,-23.05216950881151,-23.268528912590256
0,205,3.8361251982315423,-0.003671286987108998,0.3179804134543894,-0.03510049797270848,0.16967845682713115,0.16967845682713115,14.830937612020321,0.9885591551076576,-18.03832148700372,-18.254680890782467
0,206,3.2175451959303327,7.169820722084357,-3.3275915097403166,0.7105082492157735,0.13944815464066354,0.13944815464066354,11.419977703047433,0.9877891044740437,-9.897501552778468,-11.459749903042066
0,207,3.384300635575819,7.757573085788231,-2.433980527781007,0.024596574513974772,0.007490119066181685,0.007490119066181685,11.833039124371862,0.9993670164538918,-24.51804248663494,-26.080290836898538
0,208,3.5562993776839864,2.8988262052726075,2.4586812549888273,-1.2724819727257572,0.016725484280662593,0.016725484280662593,14.364903876203483,0.9988356702958264,-20.50129815162813,-22.06354650189173
0,209,5.280838891216404,0.3856268757727738,0.9976203924527288,-0.11255352480996836,0.053974354819914624,0.053974354819914624,7.997232450239164,0.9932508708286577,-20.26603435116437,-21.098996474252154
0,210,4.592472930840432,4.182123022599921,-0.07228070639800308,-0.4649208917396006,0.04664319811838527,0.04664319811838527,17.831846613262876,0.9973842754970933,-21.141925829365064,-21.974887952452846
0,211,4.434795758354548,0.8341486188126656,3.239437942091646,-1.335960638274445,0.35458240277875686,0.35458240277875686,16.040763103167038,0.977894916812982,-8.971443888129365,-9.804406011217145
0,212,3.118747069763429,13.698565556350179,-12.224261058451036,4.201367729012288,5.717092406181194e-06,5.717092406181194e-06,8.928417968750004,0.9999993596746449,-60.40744057421537,-61.96968892447897
0,213,4.272818159024856,4.485981352183143,6.9979326737782594,-6.201059739769291,0.44196191296564097,0.44196191296564097,25.23067220052084,0.9824831494994208,-7.649746237637885,-8.482708360725665
0,214,3.663176523175896,4.358344848348311,5.53701217733856,-4.770709522723508,0.06829237443753156,0.06829237443753156,23.909993489583304,0.9971437727715282,-18.854299815556743,-19.687261938644525
0,215,4.480453575008001,1.3119597932031508,2.295076715754796,-0.8010002742708165,0.00968774325013412,0.00968774325013412,14.350996212530227,0.9993249428048991,-38.07962746787375,-38.295986871652495
0,216,3.4434150218730792,8.654775258360734,-2.3322404193439183,-0.7786684206759743,0.15667165525882537,0.15667165525882537,30.08863664753297,0.9947929958710285,-18.596592263015566,-18.812951666794312
0,217,3.95890725041208,6.773546797198367,-0.9800133111787594,-1.1199504221707093,0.1182504498955912,0.1182504498955912,21.318718750874183,0.9944532102854098,-20.566024172411364,-20.78238357619011
0,218,-0.004290662045406363,0.00011237890184848802,9.523468921663085e-08,-5.186316303976551e-12,0.05536992755959642,0.05536992755959642,24.00838838209048,0.997693725764579,-20.11286875403889,-20.945830877126667
0,219,-0.023289847562413542,-0.0008538354000425967,2.399245483147191e-07,-1.071093837029173e-11,0.5564857881389633,0.5564857881389633,38.17379474881781,0.9854223088953923,-9.72416656908328,-9.940525972862027
0,220,2.0114277862118244,-0.0006829553142119945,1.922343786035785e-07,-8.673571324923993e-12,0.1606895979063439,0.1606895979063439,20.013588113563276,0.9919709750698105,-18.419336210967884,-18.63569561474663
0,221,0.11243696966762848,-0.0007496197568900554,3.232498287189133e-07,-1.725067815339938e-11,0.7873595461094451,0.7873595461094451,50.85045349943671,0.9845161745486072,-7.294862991739734,-7.511222395518481
0,222,-0.11650219459024935,0.00043507862815785097,1.4844080346491892e-06,-2.832533207718733e-10,0.4777938491000664,0.4777938491000664,45.72842441929073,0.9895514911093568,-3.740069149926171,-5.30231750018977
0,223,-0.1126664395424097,0.002564370849215349,4.267048459227591e-06,-1.477681516558147e-09,0.7753892304837955,0.7753892304837955,44.43277147174853,0.982549158992326,-4.276897672307506,-5.109859795395286
0,224,-1.768663103163786,0.0015533290216068131,-1.0649472771024528e-07,4.615547657546884e-12,0.02511264761767136,0.02511264761767136,12.479266636487107,0.9979876503684723,-18.46910791518877,-20.031356265452366
0,225,-0.0037566049825610744,0.0004313436720727248,8.763347053735358e-08,-6.677332839512936e-12,0.053826188087322854,0.05382618808732286,37.51152953825263,0.9985650761579201,-32.011493636037656,-31.69372746931831
0,226,0.02152086050540948,0.00043921470264180596,6.216138189930289e-06,-1.8722148561953214e-09,0.15503842293708225,0.15503842293708225,45.561886977516245,0.9965971904760312,-13.935050632563488,-14.768012755651268
0,227,-0.06157353161801703,0.005168940716750502,1.8911613139539969e-06,-9.358898331033383e-10,0.6756070805986206,0.6756070805986206,51.58112645239176,0.9869020487324527,-5.10341849723018,-5.93638062031796
0,228,0.5763493748931989,0.016449635422860407,-4.2276010536246464e-06,-1.3630915049453113e-08,0.8656955249495885,0.8656955249495885,67.76948005244826,0.987225879196954,-50.68455898528749,-46.90680306862173
0,229,0.4602936900447584,0.04537331120671831,-0.00011669364447634588,9.815031331964263e-08,1.1694453285277646,1.1694453285277646,45.70062771137714,0.9744107381650552,-23.309457390170177,-21.04965996032403
0,230,0.4445085150146775,0.12400402179270831,-0.0006394926711702807,-9.353111342720062e-07,0.7930633996659544,0.7930633996659544,20.03475221599743,0.9604156122763172,-7.244335823226784,-7.460695227005531
0,231,0.26543416093887706,0.10974008772311905,-0.0007079011819634097,1.4500671654986056e-06,1.405574293511165,1.405574293511165,29.19417471075077,0.9518542891711351,-11.621391238937804,-10.41105086696162
0,232,1.0031566951534685,-0.00012527958564746732,4.2679000684012803e-07,-3.7000192035622387e-10,0.000246160498839792,0.00024616049883979205,0.0004797741946833269,0.48692426235581654,-181.42658245688702,-178.09372908066214
0,233,-0.17542998424728987,0.010952861824890494,2.6081014967762882e-05,-5.468316398601241e-08,0.3261275873632486,0.3261275873632486,29.540468399440826,0.9889599723689749,-39.91040747172182,-37.65061004187567
0,234,0.9338291618512213,0.046369219630701834,-0.00016837691953187174,2.0426486175815495e-07,0.010045054761946247,0.010045054761946245,15.337916043239602,0.9993450834693821,-53.18109465763756,-52.39219634829268
0,235,0.4496520947741187,0.14325665013043684,-0.0008942715296337386,1.6719495910939495e-06,1.6181198119664242,1.6181198119664242,47.61746586674346,0.9660183551872604,-22.209094500164653,-19.652865181703618
0,236,-4.132619246994694,0.1878130074364886,-0.0010009327631628066,1.675560009109505e-06,2.984261388310631,2.984261388310631,45.60884477367203,0.934568362712986,-6.34997297441809,-4.758391883224608
0,237,1.0080855392338912,5.575252023808569e-06,1.220176308044893e-07,-2.0333319788682518e-10,0.00032288444252877015,0.00032288444252877015,0.0004331330831450489,0.2545375657193989,-164.97287654500315,-161.88252165604402
0,238,1.2892405296255882,-0.010441513052939378,7.72909667772795e-05,-7.76737125351376e-08,0.944033193004512,0.9440331930045119,70.25576625375984,0.9865629080238807,-41.14372402230954,-37.81087064608468
0,239,0.6395524292348276,0.03332265585852999,-4.768598175819974e-05,5.4067891088031115e-09,1.8658700794986909,1.8658700794986909,43.99494258343448,0.9575889870532244,-14.334150099057624,-12.394523499905622
0,240,0.4883634779539332,0.11475055171256571,-0.00019813514534523395,-3.102003039186358e-06,0.9449503078061641,0.9449503078061638,38.72642112777779,0.9755993381188439,-12.284627630853876,-11.495729321508998
0,241,1.0250264056784608,-5.513616614311592e-06,-1.2727070003040033e-07,2.4927572338942085e-10,0.00020984354965768761,0.00020984354965768761,0.00030873334817286147,0.3203081205850329,-99.71733399522533,-98.50699362324914
0,242,1.0110333775278664,1.4393781678229434e-05,-6.818911168529514e-08,1.6751446067672032e-10,0.00026273832557077313,0.00026273832557077313,0.0008988207658472826,0.7076855191222688,-168.27105125014896,-165.18069636118983
0,243,1.5193020716187065,-0.011638245733865179,4.994151256045728e-05,-3.1406252252209385e-08,0.7726985796607992,0.7726985796607991,37.096154897935556,0.9791703862088467,-44.54835296627388,-41.21549959004902
0,244,0.7938120091366333,0.05852252712440283,-0.00019684368336045705,2.1543849347706334e-07,0.546603488800701,0.546603488800701,29.251860100594634,0.9813138895468193,-25.021195851336287,-23.429614760142805
0,245,0.46553700558469086,0.10610625900379915,-0.0006376214949772631,1.177586721091984e-06,0.6519707649668683,0.6519707649668683,22.38496602036502,0.9708746144902016,-12.057576789987912,-11.73981062326857
0,246,0.37631586620048924,0.20723155398369764,-0.0024161762509133235,9.59513037737539e-06,0.011107981138412775,0.011107981138412775,21.07486226528464,0.999472927462178,-22.547646599957105,-24.109894950220703
0,247,1.055454999659612,-0.012772820662907853,0.000350199380979673,-1.0759121761418728e-06,0.059740671924080765,0.059740671924080765,12.166681895509054,0.9950898139330714,-31.177470083708236,-30.85970391698889
0,248,1.0926652512014687,0.00017751822321537825,-2.5834549310785976e-05,1.0216166911632545e-07,1.3101831234043075,1.3101831234043075,23.529127578800402,0.9443165447160576,-25.16446578638901,-22.608236467927973
0,249,0.6974539818435975,0.002856378468016305,0.00016090663512756035,-3.8801524479288087e-07,2.7386386298329684,2.7386386298329684,30.336397103590443,0.9097243281566604,-4.95124146491063,-3.740901092934447
0,250,0.7666241947291053,0.08501555254807493,-0.0004454149889813185,7.883922831359503e-07,0.26563448889603347,0.26563448889603347,29.983695382558423,0.9911407021213752,-19.240604469749,-18.922838303029657
0,251,0.4059260876671593,0.10490548805952646,-0.0007441700712617466,1.7347706302648338e-06,1.377201052068005,1.377201052068005,21.822606214013465,0.936891082643299,-8.894542248425633,-8.105643939080755
0,252,0.199285339033814,0.07337053368105183,-0.0002559512396728836,2.0192591907098382e-07,7.524751487662836,7.524751487662836,45.583160977124756,0.8349225607359915,6.388758870722738,7.177657180067616
0,253,1.009621463295464,-2.4899068168004387e-05,7.48325909939709e-08,-5.629606386529603e-11,0.00019376988162411672,0.0001937698816241167,0.00020600525986092048,0.0593935234715085,-210.37228692722533,-206.59453101055956
0,254,0.7389384148717016,0.02260577280442321,-4.538077994812529e-05,3.202446677339804e-08,0.3101166134178798,0.3101166134178798,29.440532099555583,0.9894663380278185,-60.06834380763428,-56.73549043140942
0,255,0.7576978660310043,0.08356630920190193,-0.000541882613269045,1.119807586324267e-06,0.2167223319628634,0.21672233196286342,15.786837169165796,0.9862719600107007,-20.868638901489437,-20.550872734770095
0,256,1.205610025498137,0.08242643879894436,-0.0005347828110496001,1.1038430727516959e-06,0.8269524566538454,0.8269524566538455,14.80902591855217,0.9441588892340399,-10.155596929776774,-9.83783076305743
0,257,1.115137617703133,0.14523392955676576,-0.001341237140488647,3.6929048476409246e-06,0.9885376865433325,0.9885376865433325,15.51976841588826,0.9363046109933365,-5.702070628210354,-5.918430031989101
0,258,1.0073684774224942,1.8024997633312914e-05,-8.532899185995194e-08,1.4355731622978694e-10,0.00024626778545580456,0.00024626778545580456,0.00037742828819644974,0.34751105532497006,-193.59033063787214,-190.0288436062875
0,259,1.1162463404251022,-0.013560826792102592,0.00012246016435072247,-1.5390476906864716e-07,1.000562702588508,1.000562702588508,44.171766593516296,0.977348365715231,-28.938926993982818,-26.382697675521783
0,260,0.3681762760430126,0.07338947633450842,-0.00031493569588907794,4.3601280933164836e-07,0.8761679157143799,0.8761679157143799,27.8389299725525,0.9685272416512334,-6.546753696053241,-6.763113099831988
0,261,0.8445548473863557,0.09318715496741464,-0.0005540030208391434,1.0415700804159982e-06,0.2886013350961687,0.2886013350961687,18.501453740097162,0.9844011535985034,-18.577204385760417,-18.259438219041073
0,262,0.7461364527946309,0.126765860045372,-0.0009289133279990452,2.122212044466423e-06,0.21511247196622968,0.21511247196622968,23.478865490946646,0.9908380380623938,-20.92828643113912,-20.610520264419776
0,263,3.7161499165933516,0.013483515304623297,1.6553054841203233e-05,-1.0066070106710943e-07,0.4691647811853967,0.4691647811853967,9.631650580866227,0.9512892647790383,-22.593863194263093,-21.38352282228691
0,264,4.671252980802894,0.029961558161908933,0.00028380554720626623,-6.606110534869093e-07,3.2986349669514134,3.298634966951413,600.7637753825011,0.9945092645360463,-17.2652797715355,-14.174924882576375
0,265,4.043866390672627,0.15347487514389135,0.0016158827931144332,-1.4181112144615162e-05,3.6742288688611513,3.6742288688611513,551.0469352736144,0.9933322760119575,-20.602512619327058,-17.0410255877424
0,266,3.9034223534528945,0.299520376103226,0.0020820170924797524,-3.796557204191033e-05,3.1436023668750117,3.1436023668750113,517.9471875444175,0.9939306507642627,-18.035509268984796,-14.945154380025672
0,267,3.678976754488324,0.5877861123291949,0.017006777217472385,-0.000528190933322257,1.7835489559474889,1.783548955947489,530.0602046799783,0.9966351955113772,-17.822474374497382,-15.562676944651235
0,268,3.411991149017118,0.021542347897889703,1.6051611544642118e-05,-4.350870379789835e-08,0.12298598839354408,0.12298598839354408,69.8386180256661,0.998238997393271,-30.636184806409993,-29.847286497065113
0,269,3.2465856099336503,0.09490972512958973,-0.00010088594536850092,-1.0856034428252489e-07,0.7511835738084597,0.7511835738084597,686.9974288457655,0.99890657003612,-57.636749829666186,-53.653820735450225
0,270,3.617202972422847,0.24648934290314292,-0.0005463042457026152,-2.708801479146858e-06,3.704421751773676,3.704421751773676,469.00543534501884,0.9921015376952965,-10.613422176209575,-8.057192857748541
0,271,2.894040601100801,0.46827979672446435,-0.0035650650746884976,6.4711614119918306e-06,2.4790109262494937,2.4790109262494937,556.5504836602817,0.9955457573049875,-24.731012619328048,-21.398159243103184
0,272,2.489208061642602,0.7635231104993755,-0.006562490430606953,-2.041599623193769e-05,3.1127485603372227,3.1127485603372227,534.2511274107443,0.9941736228514422,-15.588161256355615,-12.755960451946775
0,273,3.785258806823266,1.0960703705996986,-0.004211608565068341,-0.00043729789652435585,1.7366958155092285,1.7366958155092287,487.08648646690756,0.9964345226899921,-18.16854507985779,-15.908747650011643
0,274,3.972067746133401,-0.0014503138771009847,0.0002165437013897102,-4.530943147811738e-07,1.1889431332178562,1.1889431332178562,63.36258369225427,0.9812358798531254,-10.217438093568898,-9.42853978422402
0,275,2.702585681326071,0.11767028454629204,-0.00024253757757831298,1.1624573804080756e-07,3.113912439550093,3.1139124395500923,574.5536707364362,0.9945802931942653,-26.362621464937973,-22.584865548272212
0,276,3.28594675582961,0.24957217397677883,-0.0008308256150925766,-6.933970202843706e-07,4.270303652933213,4.270303652933213,391.6040232661113,0.9890953529605814,-4.398660543721247,-2.4590339445692457
0,277,3.3997635291291846,0.5287051282537778,-0.005017903252754361,1.4900299976232437e-05,1.238338759037451,1.2383387590374508,387.9037277177598,0.9968076131510175,-22.565321624664197,-20.305524194818048
0,278,3.091149705094776,0.8353814481945088,-0.012583471480578593,6.203636471923366e-05,3.61948575138081,3.61948575138081,309.4181459566073,0.9883022834999199,-6.382896300052863,-4.443269700900862
0,279,3.191165391624286,1.5834663523121757,-0.04139625851313302,0.0002938693074131943,0.6534281801292421,0.6534281801292421,339.2105422050478,0.9980736796212711,-19.281077452891992,-18.07073708091581
0,280,0.11118151923159758,0.003479461259722627,3.009979431955451e-06,-1.0571686704186017e-08,0.10159885490585976,0.10159885490585976,1.379897315882022,0.9263721628149422,-21.628432144977392,-21.844791548756138
0,281,0.089195974644037,0.0033734473999907618,5.79480325938614e-06,-1.4430935320186543e-08,0.05480399282177992,0.05480399282177992,1.737150230562378,0.9684517827775679,-25.949316625185176,-26.165676028963922
0,282,0.1229864890631901,0.0026904992324993274,1.821577371660116e-05,-3.734998116832038e-08,0.00465662708255902,0.00465662708255902,2.0841750343960026,0.9977657216856988,-34.96734018501851,-35.80030230810629
0,283,0.12926455882044025,0.006565701760709713,-8.998615683969538e-06,-6.549762727591357e-09,0.0069429687265588555,0.0069429687265588555,0.6650988172682637,0.9895609967326728,-32.57071176856973,-33.40367389165751
0,284,0.5267617844668319,0.0034992620612959114,-6.859267556740586e-06,5.79480463938806e-09,0.07146671675658105,0.07146671675658105,0.5078845550074913,0.8592855087795948,-24.091035106369134,-24.30739451014788
0,285,0.5532864091784296,0.0012541584694024965,8.464657685878366e-06,-1.5449036945236614e-08,0.13266606466315578,0.13266606466315578,0.8520898487234803,0.8443050755012473,-19.760811744024267,-19.977171147803013
0,286,0.5725244937218006,0.0029801241139500736,2.410075791189649e-06,-7.496413690801096e-09,0.022144551709452436,0.022144551709452436,1.2129720942992404,0.9817435604549124,-32.29251754001402,-32.508876943792764
0,287,0.5601920264209943,0.00635515936862715,-1.3832007287271605e-05,1.1162826960514153e-08,0.03770061374962938,0.03770061374962938,1.0163286281318604,0.9629050951571365,-28.567923377194873,-28.78428278097362
0,288,-5.724945301163595,0.7905921206609461,-0.011332422719095606,5.5221225730810195e-05,1.0714993436128313,1.0714993436128313,71.0828368356814,0.9849260469712293,-5.1379585799783385,-5.354317983757086
0,289,-9.972972338175586,0.8903858487850679,-0.012107098719207007,5.641823098898767e-05,2.7458545736361257,2.7458545736361257,136.09547202871303,0.9798240563576075,1.4492753827951086,1.2329159790163615
0,290,-1.9502563400529125,0.1126590439347532,0.0004917881769561149,-3.3987211236690546e-06,0.07616262760275064,0.07616262760275064,159.48401977616314,0.9995224435168512,-12.921611502208698,-14.483859852472296
0,291,0.1230699004506339,0.06201096715752257,-7.342684463405458e-05,2.8462216641167837e-09,0.23363637350674343,0.23363637350674343,102.6744844410772,0.9977244943105527,-11.474492805235215,-12.307454928322995
0,292,-0.26733569836313015,0.07759086311241616,-0.00024103598091320639,2.4402388086849436e-07,45.543003244314995,45.543003244315,959.4893653992035,0.9525341239969174,-172.99204747495017,-160.92292812769048
0,293,-0.6890908942144072,0.21807052876570965,-0.001219855540735392,4.643409075239731e-07,20.442282740894303,20.44228274089431,681.569284216906,0.9700070363875308,-120.45636102600994,-110.54701376809712
0,294,-0.5200683664406289,0.35778429175795795,-0.0009085008145965247,-4.5490122994676726e-05,14.373262334325878,14.37326233432587,988.475877413508,0.985459167327446,-209.8102451144918,-199.08172020599494
0,295,-0.6360599137974617,0.7131894687048582,-0.015443315301456066,0.00010272749615648567,20.56844157713297,20.568441577132965,868.5455683565403,0.9763185233722941,-122.37418034705144,-112.41963486812287
