,ID,A,Tlag,Rmax,chisqr,RSS,TSS,Rsqrd,aic,bic
0,1,-3.5020480255088975,3.51172430113067e-06,0.0018101885316450517,5.071662708046918,5.071662708046917,21.53540744930885,0.7644965520162617,-41.83900228886652,-37.8423887583409
0,2,-1.2295550975459268,4.8292016578299624e-05,0.0005898675447162383,3.808983541338166,3.808983541338166,5.510476297897051,0.3087741720635331,-49.85558002306633,-45.858966492540716
0,3,-2.2841383332324963,4.685161484063727e-05,0.0016101256549161391,14.821911098343747,14.821911098343746,21.83487514151311,0.3211817790446674,-11.810742449270808,-7.814128918745197
0,4,-1.1054527292198777,143.23345373718698,0.3409240497765904,24.344281091345888,24.344281091345888,27.79511490192164,0.12415252905960017,-0.2670126748962325,3.9365794700902335
0,5,0.6614314991665082,796.810344627115,0.02864546324944728,896.4052397733462,896.4052397733464,13.130425590286125,-67.26932102159019,98.04769728023993,101.82198689430437
0,6,-2.9579949904417466,1.3969641443623004e-08,0.0016773844694730755,2.3498753960460923,2.3498753960460923,15.540904047403107,0.8487941635262359,-63.37958177875237,-59.38296824822676
0,7,-2.7470346620420933,5.437129234264759e-05,0.0011033816852297207,10.213032130046276,10.213032130046276,16.989038909763334,0.3988457979116754,-22.239118476499144,-18.242504945973533
0,8,-4.15188148869365,1.3649903924939366e-06,0.001891529252098012,8.306933465952923,8.306933465952923,27.57783669390571,0.6987822664208962,-28.023191628879133,-24.02657809835352
0,9,-3.178243894055673,1.1546319456101628e-13,0.0007795728650967781,1.7831611397284863,1.7831611397284863,6.058293092591185,0.7056660824301895,-71.10687039325026,-67.11025686272465
0,10,-3.387752860055092,1.0254263089759519e-06,0.0008562841306025692,2.817172235519149,2.817172235519149,7.9091817380562865,0.6438098998327633,-58.30118468705919,-54.304571156533584
0,11,-3.029435536656607,8.511193645377446e-05,0.0012185629172067891,8.142262685283299,8.142262685283303,16.620497114226275,0.5101071508677106,-28.58381913343159,-24.58720560290598
0,12,-3.295567518282158,6.764445439344513e-07,0.0016201986709387661,4.936584544053207,4.936584544053208,18.390469566409408,0.7315683253096492,-42.594862566254214,-38.5982490357286
0,13,-1.9227693825157628,4.761936800434796e-06,0.0008011458940626603,3.6681922710847292,3.66819227108473,7.243937993719612,0.4936190406012587,-50.91015508213001,-46.913541551604396
0,14,0.13353139262454006,859.4084712919788,0.011651470146815557,657.7637889453233,657.7637889453233,4.588686694749135,-142.34467195112862,94.38595845336292,98.38257198388852
0,15,1.4490534339939987,838.1064788822808,0.021436275040572772,732.8470831709857,732.8470831709855,18.37645708694765,-38.87967211000149,97.41251146083883,101.40912499136444
0,16,-4.939245401391266,2.0511224150254748e-06,0.007589402002323498,13.479851742257246,13.479851742257246,34.19831123287703,0.6058328245957889,-14.468235286811037,-10.471621756285426
0,17,0.6730015973302546,994.2574380632753,0.01260381143011391,845.185662928786,845.1856629287861,8.555268564793543,-97.79124851870529,98.98042532983116,102.86793592784414
0,18,-1.0361622978612604,1584.3530904464508,0.022972096703253175,7.449360244647096,7.449360244647097,1.807395567183851,-3.1215992668689205,-31.074137930837907,-27.077524400312296
0,19,-4.389381146065041,1.742549245120628e-05,0.0019781773114453394,4.602811231766744,4.602811231766744,26.678064498861715,0.8274683220754964,-44.55504316822213,-40.55842963769652
0,20,0.15415067982729794,823.3339117490823,0.012772870456836616,670.065944549111,670.065944549111,4.627366574647145,-143.8050275982741,94.90480541786425,98.90141894838986
0,21,-2.628342785447092,602.5516411189424,0.7999425779141884,14.525603400535179,14.52560340053518,15.119738769354042,0.039295346161873135,9.733277510865957,10.641032789848095
0,22,-3.2096954274294798,3.096572087635252e-08,0.0015713630658149569,1.5600357790437283,1.5600357790437278,15.019890519144555,0.8961353428605032,-74.84988110898514,-70.85326757845954
0,23,-2.00722726542649,2.406317929315449e-05,0.0009804435107674259,3.5375551380986936,3.537555138098694,5.998491330556803,0.41025918966022334,-31.40281835081103,-28.269251037640764
0,24,-1.6809769145842612,6.251575630999831,0.12768168972455163,0.9151025078914499,0.9151025078914499,23.081145871478814,0.9603528129414824,-89.78586359088058,-85.78925006035497
0,25,-1.6143561522068968,10.410431704798661,0.289487104978003,19.84089093204346,19.840890932043465,20.90418010399898,0.0508649067634136,-1.0291398144247266,2.7451497996397203
0,26,-5.215927786308194,1.3994018788210383e-07,0.08435793139438186,36.08450048764287,36.08450048764286,22.12054194564551,-0.6312665655438969,14.52193902944142,18.296228643505867
0,27,-3.132722911599885,5.055968551159751e-06,0.001141202885129422,11.620040997167557,11.620040997167557,15.696840428804736,0.2597210215729774,-8.042845823274817,-4.769718463199869
0,28,-1.0519434818880622,30.441648726462173,2.7090949805680644,13.019017362620165,13.019017362620163,18.176108293873057,0.28372910459557976,-7.088910227688807,-3.6824275799013577
0,29,-2.9135184327630284,8.211079784548048e-06,0.0015059239030534854,19.53030462296846,19.53030462296846,26.385492736714454,0.25980898602690294,2.2388819102367497,5.645364558024198
0,30,-2.6461697506496207,8.539396811890754e-08,0.0015833025610014761,11.664359364891821,11.664359364891821,18.897247004352074,0.3827482192403213,-9.615993321974985,-6.209510674187536
0,31,-1.7494686760240836,0.0001955513350884175,0.00011829849725808472,1.483498134316028,1.483498134316028,1.5286341009851472,0.0295269918681198,-49.652510226571515,-46.51894291340125
0,32,-1.2935474009385202,39.941189429489484,1.4337233423710969,82.13538704487924,82.13538704487924,22.284244274625813,-2.6858053624193823,35.73732806038263,39.39395553498723
0,33,-0.9222550493932821,121.27646946779201,6.051208536907314,55.717873714660165,55.71787371466017,15.838015191555218,-2.517983348340818,26.350555757664246,29.757038405451695
0,34,-2.3105207124426883,0.00014474136083175715,0.00069127128049562,21.311845090128656,21.311845090128656,22.979491903045457,0.07257109164784392,4.24668262387105,7.653165271658499
0,35,-1.2640336927216271,7.0351023076039585,0.09510054387552525,1.2024195356132092,1.2024195356132086,20.757547872896293,0.9420731416361929,-99.0048030813368,-94.60759537293762
0,36,-1.1391304703424194,21.638314203616815,2.1423306865073317,13.850451559147727,13.850451559147725,21.215964717095975,0.34716842981988305,-8.763949730444123,-5.107322255839522
0,37,-1.766946303768589,45.81015994924444,0.8883891941311581,9.87218358092052,9.87218358092052,31.75687016633497,0.6891323505996543,-13.452782514781902,-10.046299866994453
0,38,-1.5692154796410993,32.30922110469386,2.931881675308649,28.980689140327954,28.980689140327954,49.280360328652904,0.4119221339484035,11.316116512423173,14.722599160210622
0,39,-4.651088378208869,1.4978461708059498e-05,0.05308176644471274,10.7604552771502,10.760455277150202,21.461007397864385,0.4986043722150252,-11.471176052020137,-8.064693404232688
0,40,-2.2341143646307504,8.756971545456283,4.1445391898209394e-05,2.9824652130311144,2.9824652130311144,2.9880491791598214,0.0018687664740100196,-34.987216756416494,-31.853649443246226
0,41,-2.8491213004358507,7.904870801200836e-05,0.0014975742120957314,11.705980519699983,11.705980519699985,17.7019122957138,0.33871661297664557,-7.880736905643937,-4.607609545568989
0,42,-0.7226400072222885,39.89445410732658,4.989063582218911,12.361291565790403,12.361291565790403,32.10805256010572,0.6150096134715652,-24.437310739691455,-20.040103031292276
0,43,-3.772722311669721,2.147754432413329e-05,0.0026911712718493686,9.282935183201033,9.282935183201033,24.3233318100068,0.6183526477494352,-11.143237642474553,-8.009670329304283
0,44,-2.12792750584943,1.1008571089377028e-05,0.0011896593279039358,15.069432116876248,15.069432116876248,18.81115131840496,0.19890963281273422,-3.7249954014965265,-0.3185127537090775
0,45,-1.106022746289264,55.84253060108159,3.420326588827157,13.450305976731002,13.450305976731002,15.248982723481188,0.11795388448965116,7.369142462405037,8.823862411769039
0,46,-0.7085578305731892,103.5040276748693,2.256718788807614,8.765252645343798,8.7652526453438,21.87225807291858,0.5992525044226407,-5.261106029886163,-2.7614659977175133
0,47,-4.114412313567326,2.101829293277291e-06,0.027439571638593785,3.8475738918196245,3.8475738918196245,24.001618597425203,0.8396952323776874,-14.409111141066447,-12.284960537759817
0,48,-1.0369245859209204,59.37938818512242,3.9517955862963117,20.974966318777568,20.974966318777568,30.33677282405489,0.308595992051405,11.029191682055902,13.153342285362532
0,49,-1.187610217520496,101.41795257143129,3.4464093853112896,21.24291764239032,21.24291764239032,24.10621256237642,0.11877829885458513,11.837527118999049,13.754699107844825
0,50,-4.0503892931571155,1.332141945198373e-06,0.10270976955724143,1.927026652733903,1.9270266527339026,21.272570904450557,0.9094126111324542,-24.781079708394927,-22.656929105088295
0,51,-1.0972846310929736,66.87590245078133,3.298395195416629,19.998662540962307,19.998662540962307,12.058770240474432,-0.6584330028810212,11.599308531758163,13.294156604142774
0,52,-0.9983218770117079,70.74661429920238,3.422987708605894,12.108663815237703,12.108663815237703,12.401583116286066,0.02361950875962715,6.108174772613949,7.56289472197795
0,53,-0.9005941700035887,834.2915431124065,48.01239092811796,5.507665098761001,5.507665098761001,5.507665098761002,1.1102230246251565e-16,-5.164511554790984,-3.4696634824063732
0,54,-1.0157397420304646,61.67210347627893,7.196363727298943,23.80772581367367,23.807725813673663,10.7065695889527,-1.223655823265657,13.43333937368877,15.350511362534546
0,55,-0.8576904410105303,170.92467679066428,7.857151802750915,7.289825040219893,7.289825040219893,7.289825040219893,0.0,-3.1360889739354487,-1.218916985089674
0,56,-0.9285413147778286,90.38776465160777,1.1547087140070063,14.795533250528251,14.79553325052825,22.16044570745455,0.3323449606633506,4.747785689288484,7.065551856007827
0,57,-0.892407530905123,4.077126563729919,6.514507661852808,1.439670162588322,1.4396701625883221,13.025978089991288,0.8894770010633969,-32.530795018348805,-30.21302885162946
0,58,-0.8818195389715119,12.430411698206298,9.922087370107297,12.395410554422943,12.395410554422943,25.440972090634517,0.5127776363944043,1.915801044517906,4.233567211237249
0,59,-2.1813739408439434,16.55378026144889,1.1541174452932608,29.295619942504143,29.295619942504146,99.15469493876014,0.7045463156273368,15.25181940317731,17.751459435345957
0,60,-1.0857913859135384,12.951274960187487,9.568224280427465,13.856148544440305,13.856148544440309,30.595435991284674,0.5471171403346784,3.6982456017421246,6.016011768461468
0,61,-0.8191439762006828,17.590722204978057,12.581873159532828,8.520732304485213,8.520732304485213,21.0912009121439,0.5960053512372953,-2.483218690858836,-0.3590680875522061
0,62,-1.032547006212193,108.91698674783876,4.445565834307794,18.887428061569103,18.887428061569103,5.803295710638734,-2.2546037636759126,10.192148648675722,12.109320637521497
0,63,-1.2140791291954258,56.388468059184966,2.2979846711408607,18.786781896598924,18.786781896598924,18.14362975223535,-0.03544782125441781,10.786654268289539,12.48150234067415
0,64,-0.9229468650158805,3.5910255353611653,11.553585387135719,5.019133225273922,5.019133225273922,12.9966278627141,0.6138126536904803,-12.549303483718415,-10.231537316999072
0,65,-1.766652066477605,8.05701773465009,11.47663985194579,41.93402623759362,41.93402623759362,37.74295297375834,-0.11104253731151403,21.420710674627124,23.544861277933755
0,66,-1.0795732886188771,17.420220061304743,4.388204587583475,12.303134903813453,12.303134903813453,22.634281033112035,0.45643800720619276,1.796246046294839,4.114012213014182
0,67,-1.1007257900620682,28.3463216693504,12.08127500114442,14.196864298993823,14.196864298993823,16.816114412803525,0.15575834283188783,6.1954930122911405,8.112665001136914
0,68,-3.8154455819974915,6.994284262873407e-09,0.26713508161057486,0.15195274269533654,0.15195274269533654,14.518464128261975,0.9895338280032292,-68.50839091258005,-66.19062474586072
0,69,-0.9994764722161373,11.43910902440318,8.461670366693724,19.554040102688173,19.55404010268817,33.79589696980241,0.42140786734672986,9.209491163366044,11.527257330085387
0,70,-2.799306820231076,5.123011431113514,0.17139691219934994,5.618187970561907,5.618187970561906,18.545317003247217,0.6970562450036211,-6.782674000134488,-4.865502011288713
0,71,-10.534114366490055,6.414868636284154e-13,0.44056991173390636,22.30311459842724,22.30311459842724,98.29155508393704,0.7730922602721946,11.950142035531364,14.074292638837992
0,72,-0.8451770821257545,13.351258615484273,7.412496531078437,11.719204590554408,11.71920459055441,26.55058725186336,0.5586084601676018,-0.32373530848023346,2.175904723688416
0,73,-1.232833082177104,18.862955692296044,4.789896158179079,26.55179543858238,26.551795438582378,18.633926427660708,-0.4249168333716382,13.580028444560888,16.079668476729537
0,74,-0.9281230550660281,18.436480987060627,11.105328798876851,17.741026129224306,17.741026129224302,7.547062978531086,-1.350719237363156,8.517444251864575,10.641594855171205
0,75,-0.8838123661202107,32.283674290662994,40.347656862947154,12.984874934279691,12.984874934279691,15.599449716583859,0.16760685984484436,2.6591438604030766,4.97691002712242
0,76,-3.9998916152299078,3.397112808833924e-07,0.09894363694502761,17.51149640648512,17.511496406485126,14.472967002798384,-0.20994516211494396,7.4443020882261095,9.762068254945452
0,77,-0.9155472306783132,85.54598151569667,11.683432396654513,15.627607729646128,15.62760772964613,8.749907248850768,-0.7860312441253241,6.61483312938355,8.73898373269018
0,78,-0.9356026599692729,124.70220413715175,5.377298212124372,10.898043934447802,10.898043934447802,7.323522892967553,-0.4880876449382987,-0.14408647462408908,2.173679692095254
0,79,-0.7998172181281021,3.789834542384252,22.732081645109545,8.32038132844637,8.32038132844637,23.926997852993797,0.652259703471102,-7.8899460846128004,-5.218830810924308
0,80,-2.5324246000881665,2.3929002464448805,0.28222917811196613,3.589275832111558,3.5892758321115568,30.75842377361443,0.8833075498754733,-23.02358328873443,-20.352468015045936
0,81,-3.728280214306294,1.0119661553176229e-08,0.07949742473890264,17.30832318523041,17.308323185230414,12.52388049727847,-0.3820255781737649,7.257580360655887,9.57534652737523
0,82,-2.255562775616115,4.854236995360738,0.22434841789593296,6.890472264055841,6.890472264055841,33.86345210758452,0.7965218595503866,-9.352253205580263,-6.852613173411614
0,83,-1.5510861501514512,3.7863870923881073,0.2741611633887153,8.954395617736846,8.954395617736846,16.753035569949034,0.4655060821455602,-4.898169631639696,-2.398529599471047
0,84,-1.0478341491988192,62.01354021195008,21.3373115025175,26.94932410481328,26.94932410481328,6.76978332022242,-2.9808252096210173,14.78862024509299,16.912770848399617
0,85,-1.2546037335548057,31.299622454360865,13.179703537310044,31.115615510607586,31.115615510607586,14.474885648552512,-1.1496277252953049,16.944893977801783,19.069044581108415
0,86,-1.038891986302407,1.8210565897011373,15.673078289492938,2.5152456630255857,2.5152456630255857,13.372694063482601,0.81191182187484,-26.484328724369597,-23.984688692200947
0,87,-4.81076473100733,5.8418149206929115e-08,0.1293377833838012,9.800205956639703,9.800205956639703,24.844579860562447,0.6055394773571414,-3.3637690244869507,-0.8641289923183013
0,88,-0.8138998046508766,19.76364568463354,7.319473080583146,12.320763210300605,12.320763210300605,21.155999108986002,0.4176231929851346,0.5272335373134904,3.02687356948214
0,89,3.9524748481679484,0.0,0.005116693108989434,12.04785646178544,12.04785646178544,30.061663283988786,0.5992285474036869,7.000906327583429,8.194592145978541
0,90,3.8862096266650554,0.0,0.005510357870701643,11.139013187407906,11.13901318740791,29.90230314108893,0.6274864469519164,6.138142124550279,7.331827942945391
0,91,3.723504430643542,0.0,0.008329458666258116,15.082226721110544,15.082226721110542,15.846195044953356,0.04821146790605235,9.471839133749693,10.665524952144807
0,92,3.756336376480398,0.0,0.007878022525470207,13.041937886611011,13.04193788661101,27.656175530316418,0.528425834862287,7.873023719545575,9.066709537940687
0,93,3.584889218489172,0.0,0.008802243208033689,0.6550181812864837,0.6550181812864837,4.505929866162437,0.8546319626043486,-14.020270621781364,-13.781945996741857
0,94,3.6797533830522378,0.0,0.012367323193291035,10.477697438223965,10.477697438223965,17.299222600539412,0.3943255324145458,5.464890390477533,6.6585762088726455
0,95,3.5668354909899582,0.0,0.022874287053474385,2.8906278763415325,2.890627876341532,9.819979473224727,0.7056380938246203,-6.411113562171954,-5.503358283189816
0,96,3.652120644337952,0.0,0.012888753998931524,10.532733649582665,10.532733649582665,14.625708551555974,0.2798479736927256,5.522518880544578,6.71620469893969
0,97,3.704149209735806,0.0,0.009891585348208443,9.841500692432222,9.841500692432223,21.464027868101905,0.541488636107398,4.775842296340281,5.969528114735393
0,98,3.6996143589249058,0.0,0.011563070331113812,10.044220362708481,10.04422036270848,23.07604580556737,0.5647339042685904,5.000123187915357,6.193809006310469
0,99,3.590439081038557,0.0,0.034388964940413436,6.508367544296169,6.508367544296169,10.448523564853728,0.3771017020827018,-1.3418158350985028,0.11290411426549873
0,100,3.5985893906029665,0.0,0.019109333772486137,9.018210486418141,9.018210486418141,13.347303000533007,0.3243421172009049,2.5720712476427874,4.026791197006789
0,101,3.59682233649316,0.0,0.025414283153838202,8.27303736124176,8.273037361241759,10.91070914904655,0.24175071957034877,0.12468066415937251,1.8195287365439832
0,102,3.6249332744269647,0.0,0.018407501096412426,5.378692830960519,5.378692830960519,14.876954957808156,0.6384547209953393,-5.472551753420632,-3.777703681036021
0,103,3.5799838399118107,0.0,0.032567898705206044,5.773952163466871,5.773952163466871,10.808572601713431,0.46579882689120733,-4.55070329393695,-2.855855221552339
0,104,3.360635400499638,0.0,0.10708008809173442,1.3931488407691035,1.3931488407691035,5.049384390952707,0.7240953088726432,-23.03397665078753,-21.33912857840292
0,105,3.313590171746372,0.0,0.1579046767525789,1.4187687494366636,1.4187687494366636,5.012417669341807,0.7169492163204019,-22.797079217911143,-21.10223114552653
0,106,3.3469617901150714,0.0,0.10790463280637042,0.8677498191495253,0.8677498191495253,4.388912568957447,0.8022859180911748,-29.188415471493805,-27.493567399109196
0,107,3.383955262149006,0.0,0.07651803022884107,1.6150213529278705,1.6150213529278705,8.867679992289593,0.8178755486968267,-27.430530343317464,-25.306379740010833
0,108,3.3922059184606126,0.0,0.15801346106577285,0.7445136221284896,0.7445136221284896,4.695495276365112,0.8414408750710459,-27.359169357568298,-25.904449408204297
0,109,3.0577338518648265,0.0,0.00921027198409452,16.539508336646698,16.539508336646694,11.624610152159908,-0.4228011193625769,10.486423597025835,11.680109415420947
0,110,2.703231332426606,0.0,0.35504523614432903,16.416885251183775,16.416885251183775,16.43945028175465,0.001372614666800498,10.404566329414866,11.598252147809976
0,111,3.251770398954349,0.0,0.007443332635428623,15.667038901132623,15.66703890113262,15.710941461280372,0.002794393974158038,9.890301795688941,11.083987614084053
0,112,2.7496830869688207,0.0,0.29121446784093963,17.935118964434505,17.935118964434505,17.98326586698692,0.002677316951689046,10.82224913114778,12.276969080511781
0,113,3.1135382713109925,0.0,0.008484742203764384,20.47974677870447,20.479746778704463,9.079880498254562,-1.2555084048343272,12.414357431829565,13.869077381193566
0,114,2.944934280992827,303.4429022573802,0.007430794437483623,0.13620994936272007,0.13620994936272007,48.43632704250082,0.9971878555274598,-31.717041740562685,-31.125368008554027
0,115,2.113279541928833,234.8629722559771,0.009405425498906661,0.33688331144511735,0.3368833114451174,37.86010768563291,0.9911018924129221,-19.339681656878135,-19.101357031838628
0,116,2.742570238755236,114.86240616608514,0.020086525758439278,0.7079174905806666,0.7079174905806666,117.18827628820712,0.9939591440969774,-35.78279084591799,-33.865618857072214
0,117,2.821127055417401,79.4396763588745,0.034295995122046286,0.2738084600699566,0.27380846006995657,80.20081592950469,0.9965859641588855,-34.62543914750176,-33.43175332910665
0,118,2.8252489863479995,48.359733546541314,0.03546567478833307,0.906519346265151,0.9065193462651507,40.03648522297004,0.9773576691056522,-14.658307361720638,-14.06663362971198
0,119,3.15757018073541,23.6755983064436,0.05841815285521079,0.5320030902085404,0.5320030902085403,39.725656734402556,0.9866080731209707,-19.45497502497821,-18.863301292969552
0,120,2.753273515377434,280.1911634910482,0.006423537730673168,0.27290016749199764,0.27290016749199764,48.68204335559524,0.9943942335062106,-30.012343305134607,-29.10458802615247
0,121,2.3160084756723305,198.3137406043148,0.00892024643623901,0.17606147948738013,0.17606147948738013,18.34854654793657,0.9904046089412363,-15.172088993395256,-15.796810585711091
0,122,2.778359424635112,133.81111540994033,0.017097626002579247,0.5239505578051612,0.5239505578051612,89.97659364154113,0.9941768126953935,-35.74699505480449,-34.052146982419885
0,123,2.9264553422276545,62.27485901406142,0.02352349049488378,0.766652043009931,0.766652043009931,77.8399389959597,0.9901509167029315,-30.798730770247325,-29.103882697862716
0,124,3.4847269617832293,48.9195570944166,0.03155054316905925,0.700994438714285,0.700994438714285,75.39509356609148,0.9907023865140536,-28.081943701530278,-26.627223752166277
0,125,3.745645092568024,31.533828461235565,0.05871813920161428,0.39483612529057627,0.3948361252905762,53.94873151270692,0.9926812713808187,-22.13858145164521,-21.54690771963655
0,126,1.1298352566768433,226.0080195788661,0.009915936511206702,0.17840284672933313,0.17840284672933313,16.84854080608659,0.9894113769980077,-34.26296194954597,-33.35520667056383
0,127,2.093600060678646,217.04920975604296,0.012106399424661962,0.2698823651683548,0.2698823651683548,24.46577349696443,0.9889689829262157,-16.789754739771737,-16.9520242926058
0,128,2.3670183297097687,197.04507945530528,0.013073176420731913,0.21674817068616664,0.21674817068616664,65.04599335412207,0.996667770611079,-47.22158998727358,-45.52674191488897
0,129,2.2645722742640944,69.1040204012267,0.022816091061075294,0.7121155334294351,0.7121155334294351,50.16583185527485,0.9858047697587505,-27.89306117363155,-26.43834122426755
0,130,2.8695344397031377,46.85201059832342,0.04048952679259288,0.3870171081937586,0.3870171081937587,72.27690685472676,0.9946453559645041,-30.818998177597038,-29.625312359201928
0,131,3.4149023202564863,28.845775090474394,0.06368758730222912,0.2295522833096025,0.2295522833096025,57.164402903218374,0.9959843491464742,-27.019641349004033,-26.427967616995375
0,132,2.2359689472815445,174.8383847723414,0.013659506213529182,0.44511908912905146,0.44511908912905146,62.49931756351849,0.9928780168091168,-29.28039558336377,-28.08670976496866
0,133,2.6148795833402594,163.75715488698347,0.015398033461892835,0.282825194976276,0.282825194976276,45.98365184115997,0.9938494403195024,-16.461854847857257,-16.62412440069132
0,134,2.388870196613463,137.47220952903402,0.01795969133028419,0.43465245698480326,0.43465245698480326,37.66938299553162,0.988461386345607,-25.35793609677938,-24.450180817797243
0,135,2.792058214926705,67.07958820958312,0.03285611700026214,0.43222573325966107,0.43222573325966107,105.68900671093952,0.9959104002704671,-38.24883650170786,-36.553988429323255
0,136,3.418933562803658,41.37843066580237,0.04045227253598682,0.787805785014522,0.7878057850145219,98.75671496923982,0.9920227623482626,-26.680924020090437,-25.226204070726435
0,137,3.468739474133285,24.97894309733381,0.06713294704267869,0.1331579299222173,0.1331579299222173,67.39221199346805,0.9980241347481646,-31.920995905727438,-31.32932217371878
0,138,2.1172005591180993,190.54380471268416,0.013713391087656568,0.1651604325468815,0.1651604325468815,57.827372782241575,0.9971439056522796,-40.18606554990329,-38.99237973150818
0,139,1.8277063640966262,175.44466426908636,0.015344561874758078,0.2229853802372544,0.2229853802372544,27.136552141924145,0.9917828403891902,-18.125914527404504,-18.288184080238565
0,140,2.084674528605945,143.69780039509743,0.01571497136542921,0.3117319576415918,0.3117319576415918,41.3424071046147,0.9924597530847014,-33.198575276748,-32.00488945835289
0,141,2.26010781757893,65.52173138899082,0.031589518794394866,0.3008775579646745,0.3008775579646745,71.65436205639776,0.9958009875556794,-42.95801610211771,-41.2631680297331
0,142,2.7509266580980984,39.65691844122474,0.031952004572429304,0.24495855013736742,0.24495855013736745,60.046966724708525,0.9959205508038332,-40.69887498781528,-39.24415503845128
0,143,2.761583002466292,27.285859646867326,0.06527535162366904,0.08331590501520428,0.08331590501520429,36.8913566164852,0.9977415873891183,-30.51645882526533,-30.278134200225825
0,144,2.984321126244586,252.33676335677046,0.009682088956630253,0.6097674597014124,0.6097674597014124,79.28354883483033,0.9923090291912673,-21.972627010934453,-21.064871731952316
0,145,2.544417775430977,209.46140341219726,0.016269454403258665,0.41367611827540546,0.41367611827540546,12.50768561131797,0.966926245899475,-10.046588421392897,-10.671310013708732
0,146,2.48248271892227,167.75387274353207,0.021978846397119778,0.1414943359359654,0.14149433593596544,94.26395842815899,0.998498956140869,-52.76578433547438,-51.07093626308977
0,147,3.0050390739901096,63.27398769190923,0.036517738463067495,1.317094472686674,1.317094472686674,72.34665856460686,0.9817946744353026,-17.34713831298913,-16.15345249459402
0,148,3.2130379926224233,32.32444147949253,0.05586267971215797,0.6820040925880455,0.6820040925880455,100.68153680266343,0.9932261255216557,-28.411515240989324,-26.956795291625323
0,149,3.0745050018735056,24.2835408739626,0.10008100450923418,0.5702742984659858,0.5702742984659858,73.61631094715105,0.9922534246673216,-18.829761472763735,-18.238087740755077
0,150,2.4863300306791616,226.63531568058866,0.009494934493660567,0.09581415754878776,0.09581415754878776,57.0981707317074,0.998321939979496,-40.47929915571676,-39.57154387673462
0,151,2.700867038028247,182.8268944527784,0.011887042343387666,0.38645735746141063,0.38645735746141063,24.543426531826345,0.9842541400256286,-10.454959297517576,-11.07968088983341
0,152,2.6654949965735417,124.84233539464424,0.019540238055901105,1.582260609123794,1.582260609123794,96.2743788038258,0.9835650914731124,-21.379231980409514,-19.684383908024905
0,153,2.173562645922328,73.46602532018936,0.034912495892551965,0.5236674685577607,0.5236674685577607,62.15209200872508,0.9915744192732202,-31.581660574598082,-30.12694062523408
0,154,3.000841982895537,42.89619050273101,0.0493461612524384,0.824426052345874,0.824426052345874,66.75414931588352,0.9876498156175333,-18.95652921875169,-18.048773939769553
0,155,2.807012047380154,25.10179780360797,0.08382463958331376,0.3875772306216154,0.3875772306216155,35.70134964306965,0.9891439053566186,-18.218253495177322,-17.979928870137815
0,156,2.1926134038078464,204.15939975863853,0.009375385351481302,0.06619186578328169,0.0661918657832817,48.412454462414765,0.9986327512926519,-44.177827899470955,-43.27007262048882
0,157,2.381146757394602,199.200264087958,0.01077998624176657,0.1597811797574297,0.1597811797574297,21.720774016040142,0.9926438542365279,-15.754256973282715,-16.37897856559855
0,158,2.854492165261201,142.6828119161108,0.012260152792975765,0.6738193010859254,0.6738193010859255,85.6256501428418,0.9921306372569219,-36.47390886072834,-34.55673687188257
0,159,2.39960071758452,69.54165887824936,0.024249143433643594,0.569545993585222,0.569545993585222,56.98892744274128,0.9900060236410404,-30.573868653602986,-29.119148704238984
0,160,2.234783615507041,43.00637517261764,0.03768215254140772,0.1658966170094076,0.16589661700940758,36.91569277308116,0.9955060678928832,-29.942535459679107,-29.35086172767045
0,161,2.2854531952733854,28.471091363683726,0.07955236714934766,0.19692570124734143,0.19692570124734143,16.64769182828256,0.9881709907127914,-14.500129449841584,-15.124851042157418
0,162,2.8417433116886914,285.507524438541,0.01200111101160406,0.21857225743214007,0.21857225743214007,76.93444604919114,0.9971589805521913,-27.460768789390706,-26.869095057382047
0,163,3.0582770727830515,260.1083060992574,0.012797414937162799,0.22465935618193594,0.22465935618193594,67.36411975419347,0.9966649997505839,-18.073561019005464,-18.235830571839525
0,164,2.7587778087237584,151.88038630522223,0.020340433007495884,1.0251428816631591,1.0251428816631591,113.14764448494567,0.9909397770821508,-27.02152565193876,-25.32667757955415
0,165,2.5712771783958797,72.21094769488722,0.030196854084017177,0.3816045867815853,0.38160458678158526,74.96430321063416,0.9949095159904394,-35.379323632804294,-33.924603683440296
0,166,2.93868813193768,48.09084878590726,0.041157375744581115,0.5435651557255154,0.5435651557255154,54.77538604316898,0.9900764705647692,-19.261472476823897,-18.66979874481524
0,167,2.796504259514986,29.172471786073405,0.0635705928778838,0.3330940275319223,0.3330940275319223,41.65915089038623,0.992004301086012,-23.66899537111201,-23.077321639103353
0,168,2.323056855316203,244.56817649426395,0.00910879617793503,0.21878901773501408,0.21878901773501405,50.81623263888892,0.9956945053504895,-32.222324958552875,-31.314569679570738
0,169,2.8060505817147763,127.31767890337764,0.022431168385640854,1.266495258825602,1.266495258825602,123.64724485367074,0.9897571898158797,-27.63925435762726,-25.722082368781486
0,170,2.297830924087729,210.2522699759474,0.012517775648212215,0.20315310017653837,0.20315310017653837,39.56928571428577,0.9948658891231086,-18.777938816335606,-18.940208369169667
0,171,2.4707497340221827,72.3935828326752,0.04125711807764443,0.3803974336973921,0.3803974336973921,61.99284939236113,0.9938638498241982,-26.691237876542232,-25.783482597560095
0,172,2.775580366271735,38.725416808920386,0.058719859292668763,0.503370259557182,0.503370259557182,56.47412712191363,0.991086710229792,-19.952884690588345,-19.361210958579687
0,173,2.6158875793690037,22.674940980734664,0.0839589821718909,0.33197602454533537,0.3319760245453353,31.97981770833335,0.9896192020988653,-19.457072556624183,-19.218747931584677
0,174,2.506039313263335,257.3788640182282,0.007808161709422334,0.552214592976912,0.552214592976912,48.8321993496388,0.9886915887399818,-22.9640364585193,-22.056281179537162
0,175,2.6756439667306053,204.39641667269876,0.011373954124109797,0.49172740782837726,0.49172740782837726,44.779242948637915,0.989018853927647,-12.590186399514739,-12.7524559523488
0,176,3.122576316803386,155.05556210969533,0.016124403341813753,0.3524840636160121,0.3524840636160121,99.10010423612023,0.9964431514342692,-40.90008992257292,-39.20524185018831
0,177,2.186047660726697,64.85612510796417,0.03619891475294046,0.38436415067507035,0.38436415067507024,60.41997069603279,0.9936384585055698,-35.2928581979245,-33.8381382485605
0,178,2.3681429047085434,44.70691593765286,0.04724906050414601,0.19726632765088406,0.19726632765088403,36.36012797736536,0.9945746525487016,-23.62113670345145,-23.382812078411945
0,179,2.4803000457203916,25.771311174587783,0.09523161983693096,0.3062931755978357,0.30629317559783564,36.28710130917834,0.9915591721425165,-20.101232697568374,-19.862908072528867
0,180,2.5740137654501667,245.3979481569207,0.009408938866504402,0.6768046577467275,0.6768046577467276,50.33577986358847,0.986554203400029,-17.28837449432884,-16.69670076232018
0,181,3.467051789127989,240.9459166233159,0.015671113053111974,1.5528001860413063,1.5528001860413063,63.63947186526778,0.9756000460008725,-2.1101975792710856,-2.7349191715869203
0,182,3.348372635033419,154.66541211002865,0.027326579340555046,0.9397693294964459,0.9397693294964459,129.9959904886679,0.9927707821913294,-21.06017710861572,-19.86649129022061
0,183,2.9149378958876153,70.3743176352525,0.04044906232661738,1.1967714326341174,1.1967714326341174,91.30158261246785,0.9868921063754847,-18.400945960998136,-17.207260142603026
0,184,3.2147445472774248,40.81689933526283,0.05635113518405377,0.32908068857439615,0.3290806885743962,70.10331226857122,0.9953057754630243,-23.778091934375844,-23.186418202367186
0,185,3.1335501196393443,24.303147731968277,0.09489426667863565,0.4067436421041895,0.4067436421041895,70.3005546045169,0.9942142185877143,-26.021572569661593,-25.113817290679457
0,186,4.2307576547147985,0.0,0.4634099963215681,1.6808034350513612,1.6808034350513612,27.576618991862702,0.9390496914959977,-3.986467643659566,-4.148737196493626
0,187,2.7485653370287557,0.0,0.25666877125538656,0.23657736547976993,0.23657736547976993,6.0225882165904085,0.9607183229250058,-13.39943680204886,-14.024158394364695
0,188,3.6618253586051215,0.0,0.037320514007423755,0.7332730098749323,0.7332730098749323,1.0233197792760604,0.2834370792738117,-9.793031380028612,-9.955300932862674
0,189,5.226331483111338,0.0,0.4031252809915078,0.6799837687966677,0.6799837687966677,15.583413385342855,0.9563649020928731,-7.064674918449505,-7.68939651076534
0,190,3.658108835712153,0.0,0.4558776999309715,0.6579662685916327,0.6579662685916327,14.165590411871637,0.9535517935037698,-7.262166490424683,-7.8868880827405174
0,191,3.5642027659159954,0.0,0.16961863085319528,0.23293056574663024,0.23293056574663024,3.677408999463083,0.9366590537575127,-13.492646040858375,-14.11736763317421
0,192,4.870427164327777,0.0,0.18626474887214406,1.9682103997954439,1.9682103997954439,24.735585786644442,0.9204300065188613,-7.680898865599586,-7.0892251335909275
0,193,4.054743583959315,0.0,0.1055934738291815,0.7993315664280558,0.7993315664280558,10.160414523860352,0.9213288429767373,-15.790836178875974,-15.199162446867316
0,194,4.112063436148917,0.0,0.5179443166952593,0.8253403421117327,0.8253403421117327,16.18707905214373,0.9490123981322974,-5.902313466312227,-6.527035058628062
0,195,3.7518296007200242,0.0,0.45768386786621296,0.8801623744250426,0.8801623744250426,13.774174341132214,0.9361005347669576,-5.51645004820141,-6.1411716405172445
0,196,3.264153044329108,0.0,0.3571194893578469,0.05395526676145586,0.05395526676145586,6.434187930442152,0.9916142849191307,-22.268156629557808,-22.892878221873644
0,197,3.8412886007729594,0.0,0.36210739679756987,1.9913662222533717,1.9913662222533717,29.221187989542322,0.9318519759372534,-2.799624414254888,-2.9618939670889484
0,198,3.0814611072345,0.0,0.11209565121047071,0.6598742059916387,0.6598742059916387,5.34582281536793,0.8765626492343401,-10.531313457156806,-10.693583009990867
0,199,2.1686319953939974,0.0,0.32310840831575827,1.1097580657115274,1.1097580657115274,4.120765761805133,0.7306913011174434,-6.892376814141928,-7.054646366975988
0,200,4.7452757256822835,0.0,0.4716865062005786,0.29904754696413743,0.29904754696413743,11.410922821248658,0.9737928691965849,-8.082953053604673,-9.254639316302372
0,201,3.6343259589406296,0.0,0.8995169599765933,0.3319442831140551,0.3319442831140551,21.122246426648957,0.984284612706002,-7.561130292645222,-8.732816555342922
0,202,3.808960350114241,0.0,0.7154686696947414,0.7709961850851652,0.7709961850851652,16.196160449335892,0.9523963603906641,-3.347548829370071,-4.51923509206777
0,203,4.215412628607324,0.0,0.3042898324524328,1.2747746262741482,1.2747746262741482,16.675766252126692,0.9235552593505816,-5.9219852484321365,-6.084254801266197
0,204,3.4622983238125156,0.0,0.3739431118645724,0.8696995024710626,0.8696995024710626,20.611114634831928,0.9578043440211959,-8.598623728580511,-8.760893281414571
0,205,3.5555738136002093,0.0,0.3133686293007589,0.5938905026397286,0.5938905026397286,14.830937612020321,0.9599559705410408,-11.268793252603768,-11.43106280543783
0,206,3.911232445821601,0.0,1.6608134624610837,0.17841747019648563,0.17841747019648563,11.419977703047433,0.9843767234196198,-10.665335244772649,-11.837021507470348
0,207,3.705258513488057,0.0,2.588805299546307,0.12540828980486396,0.12540828980486396,11.833039124371862,0.9894018528556567,-12.428092292527701,-13.5997785552254
0,208,3.758008673956999,0.0,1.767427932439035,0.48612102871145346,0.48612102871145346,14.364903876203483,0.9661591171858276,-5.653677841240771,-6.825364103938471
0,209,5.005909102073477,0.0,0.6906396214562112,0.428533744607908,0.428533744607908,7.997232450239164,0.9464147444413608,-9.834871576376859,-10.459593168692694
0,210,4.66911625957224,0.0,1.280311974623893,0.6463750597011502,0.6463750597011502,17.831846613262876,0.9637516476156546,-7.3688089507847145,-7.993530543100549
0,211,4.252983008464748,0.0,1.1401668435793777,0.5907740770075867,0.5907740770075867,16.040763103167038,0.9631704506071195,-7.908486457773645,-8.53320805008948
0,212,3.485617125400714,0.0,3.508723679230065,0.026680809746971068,0.026680809746971068,8.928417968750004,0.9970116979468977,-20.166243102465646,-21.337929365163347
0,213,3.7026544174391627,0.0,3.5717467403584777,1.203809086673938,1.203809086673938,25.23067220052084,0.9522878710045194,-3.6376122047985504,-4.262333797114385
0,214,3.499407582654321,0.0,2.8963044270273235,0.32603542111263817,0.32603542111263817,23.909993489583304,0.986364052284051,-11.475052314156741,-12.099773906472576
0,215,4.282144475356868,0.0,1.225080110931711,0.30073565039391376,0.30073565039391376,14.350996212530227,0.9790442666181367,-16.032036509415747,-16.194306062249808
0,216,3.4254694171971645,0.0,3.536659849333372,0.31512250921810464,0.31512250921810464,30.08863664753297,0.9895268598271985,-15.704927626677161,-15.867197179511223
0,217,3.307100105670161,0.0,3.5372432413902652,0.7361465937292454,0.7361465937292454,21.318718750874183,0.965469472986079,-9.765653070152794,-9.927922622986856
0,218,2.659930293255663,5528.3086337034665,0.00025884214571969544,0.07642495625421081,0.07642495625421081,24.00838838209048,0.9968167394229918,-20.179232717010102,-20.80395430932594
0,219,2.1802162013201425,7083.651800451266,0.00048715922996533934,0.19342352934348153,0.19342352934348153,38.17379474881781,0.9949330809101845,-19.121482336089397,-19.283751888923458
0,220,3.1783543905384444,6177.477177623567,0.00025979592202829416,0.1807299282590864,0.1807299282590864,20.013588113563276,0.9909696388656762,-19.5966313409853,-19.758900893819362
0,221,3.3241361197240424,5885.2990130645585,0.0005317167946699008,0.47803129425121615,0.47803129425121615,50.85045349943671,0.9905992717595623,-12.787924599809411,-12.950194152643473
0,222,2.551023895960993,1174.2536026270013,0.0020350682431520273,0.09939248308165793,0.09939248308165793,45.72842441929073,0.9978264616735903,-13.590583517671064,-14.762269780368763
0,223,2.8255304476322243,667.8138742085288,0.004005929059597069,0.08969071000397191,0.08969071000397191,44.43277147174853,0.997981428863581,-19.21888531147009,-19.843606903785926
0,224,3.2403179344475235,4292.812759620547,0.00033753478402043235,0.03949314908842734,0.03949314908842734,12.479266636487107,0.9968352988810291,-18.205329876755318,-19.37701613945302
0,225,2.6127735309646205,3901.235106855163,0.0003345238821947927,0.17190632968500197,0.171906329685002,37.51152953825263,0.9954172401978517,-24.72197669639039,-24.483652071350882
0,226,2.8562303978292944,698.8039331678538,0.0030794638459201717,0.41820188659673435,0.41820188659673435,45.561886977516245,0.9908212342740961,-9.981302699970009,-10.606024292285843
0,227,2.9657514435038115,552.4942420631088,0.003970455096893533,0.22888059604328345,0.22888059604328345,51.58112645239176,0.9955627065210657,-13.597885771787986,-14.22260736410382
0,228,2.325142670914227,115.17792961297428,0.0062242350568397775,0.5576191084444404,0.5576191084444404,67.76948005244826,0.9917718254882155,-61.04184447379416,-58.20852753629484
0,229,2.281876184464034,0.0,0.007800536205622377,6.811346089925265,6.811346089925265,45.70062771137714,0.8509572749647466,-2.402674710484341,-0.7078266380997302
0,230,2.0979929529935597,0.0,0.026931690885459547,3.7542075597499966,3.7542075597499966,20.03475221599743,0.8126152238233163,1.6387695450963564,1.476499992262296
0,231,2.061579023090581,23.445713834990073,0.03666451440663976,0.7836058893021236,0.7836058893021236,29.19417471075077,0.9731588271610377,-19.464341702345457,-18.55658642336332
0,232,0.3670240776175585,0.0,1.9581154981468996,0.000479774194741514,0.00047977419474151407,0.0004797741946833269,-1.2128031912084225e-10,-172.0819417192452,-169.58230168707655
0,233,1.9430942792288097,154.64368147195535,0.006491466891895614,0.3275873825749793,0.3275873825749793,29.540468399440826,0.9889105555759847,-41.852347399153196,-40.15749932676859
0,234,1.9181290973029683,0.0,0.010635936106136334,1.0228928072755494,1.0228928072755494,15.337916043239602,0.9333095314649082,-13.571308907208039,-12.97963517519938
0,235,2.502131531097376,0.0,0.028296838636349353,7.85851681362204,7.85851681362204,47.61746586674346,0.8349656650017045,-2.084432181522562,-0.16726019267678716
0,236,2.465486882600039,51.425727923076664,0.06571565576131344,1.2331171682348552,1.2331171682348554,45.60884477367203,0.9729632010116889,-18.07185028794121,-16.8781644695461
0,237,0.3730960299982224,0.0,0.46849356341897375,0.00041499420821577943,0.00041499420821577943,0.0004331330831450489,0.04187829476695748,-162.9573554588368,-160.63958929211745
0,238,2.9266955304008415,281.1372392132878,0.004970173369791775,1.2651782791169104,1.2651782791169104,70.25576625375984,0.9819918229267167,-38.16600509487449,-35.66636506270584
0,239,2.4442749000852833,69.68441189371858,0.012697376521847215,1.4319682252122663,1.4319682252122663,43.99494258343448,0.9674515264454181,-19.510281247119693,-18.05556129775569
0,240,2.4853169373138755,20.279872961666157,0.0490054776543527,0.7102640159254849,0.7102640159254848,38.72642112777779,0.981659446051522,-16.8540879178845,-16.26241418587584
0,241,0.37634443919758653,0.0,0.24859917173495116,0.00030077624425028443,0.00030077624425028443,0.00030873334817286147,0.02577338654754524,-98.1172903723311,-97.20953509334896
0,242,0.3749346731941926,0.0,0.39931899358092626,0.0008201645238481848,0.0008201645238481846,0.0008988207658472826,0.08751048594760913,-152.0575091397086,-149.73974297298926
0,243,38012313.53015852,13105.043516859609,3146.3562818303944,2.0277451315795587,2.0277451315795587,37.096154897935556,0.9453381317508892,-30.146911996805272,-27.647271964636623
0,244,2.38389692013154,0.0,0.011954242126610337,3.280019306405408,3.280019306405408,29.251860100594634,0.8878697185366775,-7.310505607524744,-6.116819789129632
0,245,2.035024409531651,0.0,0.02125986495659893,3.5067016214088844,3.5067016214088844,22.38496602036502,0.8433456803901951,-0.5981252400454506,-0.35980061500594385
0,246,2.3231648005782373,0.0,0.035309923952920874,3.040452051331196,3.040452051331196,21.07486226528464,0.8557308696465575,3.5128414651245308,2.3411552024268314
0,247,1.8185569960511672,68.15452318605244,0.00705005327239272,0.40308158278182543,0.40308158278182543,12.166681895509054,0.9668700483629303,-17.90446272430922,-17.666138099269713
0,248,5843662325901.497,16916.726980510957,438865785.3952852,3.1347247245646477,3.1347247245646477,23.529127578800402,0.8667725900985375,-14.951223531588852,-13.034051542743077
0,249,1.9424697675869638,102.2482878273853,0.02035248198562023,1.1813778220156341,1.1813778220156341,30.336397103590443,0.961057411729496,-15.359036899086497,-14.45128162010436
0,250,2.311101716104883,0.0,0.01536952357073762,3.1627064218214107,3.162706421821411,29.983695382558423,0.894519125095529,-1.4241073442729464,-1.1857827192334396
0,251,1.951309966160897,0.0,0.017059338515553746,3.5642574670136318,3.5642574670136318,21.822606214013465,0.836671320003711,-2.33641946380588,-1.744745731797222
0,252,2.2964586073270805,39.37416572359493,0.03093403904393921,6.4282995054545955,6.428299505454595,45.583160977124756,0.858976442886869,2.9713691699938076,3.563042902002466
0,253,0.370880435475539,0.0,1.9660357132391226,0.00020600526033132214,0.00020600526033132206,0.00020600525986092048,-2.283444544559643e-09,-211.20890882848616,-208.37559189098684
0,254,1.7212274628200168,0.0,0.004446167849671223,2.6862344123393918,2.6862344123393913,29.440532099555583,0.9087572737049837,-25.366240623572192,-22.866600591403543
0,255,1.7764451458329538,0.0,0.016985464808885853,1.359141815429051,1.359141815429051,15.786837169165796,0.9139066425487893,-8.180704473395545,-7.942379848356039
0,256,1.90221110586019,0.0,0.022042197287490906,1.3603162604930252,1.3603162604930252,14.80902591855217,0.9081427591541403,-8.173794595887891,-7.935469970848384
0,257,1.9513714533516329,0.0,0.04838274828526723,1.4236230282854008,1.4236230282854008,15.51976841588826,0.9082703433365683,-5.14893568907763,-5.311205241911691
0,258,0.3716245524540915,0.0,0.31320416560711806,0.00037687580862982335,0.0003768758086298235,0.00037742828819644974,0.0014638001016464841,-187.93139884973732,-185.26028357604883
0,259,2.280353462843401,211.01776142639497,0.007767402675208146,2.3618878742445037,2.3618878742445037,44.171766593516296,0.9465294676579408,-18.914345171111332,-16.997173182265556
0,260,2.12079423932211,0.0,0.012686313618453626,4.750208842655389,4.750208842655389,27.8389299725525,0.8293681241578319,3.285949044296783,3.1236794914627226
0,261,2.093546716946065,0.0,0.022279441581242176,1.7177758557043916,1.7177758557043914,18.501453740097162,0.9071545468893857,-6.307289558300628,-6.068964933261121
0,262,2.202893621005018,0.0,0.0246051519281969,2.181678715634599,2.181678715634599,23.478865490946646,0.9070790402340417,-4.394775265393342,-4.156450640353835
0,263,2.4500271733616334,0.0,0.014474215084243847,2.759767887258549,2.7597678872585494,9.631650580866227,0.7134688531225404,-6.874385156208575,-5.9666298772264375
0,264,7.490381025240637,0.0,0.019230732363752168,110.96813306078394,110.96813306078394,600.7637753825011,0.8152882420546553,36.98646957299158,39.304235739710926
0,265,8.155317168565112,0.0,0.06337841239029629,83.95679696249408,83.95679696249411,551.0469352736144,0.8476412958892393,33.71875056173786,36.389865835426356
0,266,8.003558077016548,0.0,0.0978811093278209,83.58291391906963,83.58291391906963,517.9471875444175,0.8386265705672901,32.452006368066435,34.76977253478577
0,267,8.220950213408234,0.0,0.22251611558207696,92.90860028146504,92.90860028146504,530.0602046799783,0.824720664820408,31.566669176905062,33.261517249289675
0,268,4.063741177619974,0.0,0.00929428164284718,6.085782566140265,6.085782566140265,69.8386180256661,0.9128593500532369,2.478576719482415,3.070250451491073
0,269,7.150806521216639,0.0,0.024052239733064917,84.42309866462996,84.42309866462998,686.9974288457655,0.877112933586272,34.8021754292938,37.78937224995577
0,270,7.588831764858638,0.0,0.06244124424897968,57.5136909611096,57.5136909611096,469.00543534501884,0.8773709500428278,25.78151970924272,27.698691698088496
0,271,7.714972626919477,0.0,0.09672810066249982,65.31916968063729,65.3191696806373,556.5504836602817,0.8826356788856766,28.883227610820764,31.382867642989414
0,272,7.984294077936138,0.0,0.16012852216302997,76.2682563571509,76.2682563571509,534.2511274107443,0.857242685239082,30.393099200427823,32.51724980373445
0,273,7.855378724286556,0.0,0.30275033051741307,60.202882285287515,60.202882285287515,487.08648646690756,0.8764020683021398,25.926021338603228,27.620869410987837
0,274,4.0051622035226915,0.0,0.010050836728398016,7.2502963014260065,7.2502963014260065,63.36258369225427,0.8855744845153416,4.054359838717053,4.646033570725711
0,275,7.146252709769063,0.0,0.024071292203585726,63.59503841768621,63.59503841768622,574.5536707364362,0.889314015980138,28.95383304088375,31.78714997838307
0,276,7.43079597672741,0.0,0.05831462825254685,46.886643957708394,46.886643957708394,391.6040232661113,0.8802702700379385,22.353914497036975,23.808634446400976
0,277,7.902222723755145,0.0,0.1080803115300355,32.660779819949454,32.660779819949454,387.9037277177598,0.9158018408018147,17.975932887201942,19.67078095958655
0,278,8.169956433197427,0.0,0.15295130863867357,27.773067120663253,27.773067120663253,309.4181459566073,0.91024098785545,16.069921112411638,17.52464106177564
0,279,8.016309034381004,0.0,0.305383658238199,31.55894980620153,31.55894980620153,339.2105422050478,0.9069635347974397,17.49272126327353,18.400476542255667
0,280,0.4621805723444003,0.0,0.000999808922713008,0.35197060261740204,0.35197060261740204,1.379897315882022,0.7449298592247608,-14.930824398528944,-15.093093951363006
0,281,0.5500567150446702,123.1433965959163,0.0019179904322985664,0.04461015373919658,0.04461015373919658,1.737150230562378,0.9743199218154237,-29.389927528261175,-29.552197081095237
0,282,0.5773110879854894,0.0,0.0013434883126373087,0.5376498416988509,0.5376498416988509,2.0841750343960026,0.7420322991947446,-8.473843510831795,-9.09856510314763
0,283,0.3485819015299785,0.0,0.002118910305667576,0.15062772295743318,0.15062772295743318,0.6650988172682637,0.7735257994051155,-16.108220198417854,-16.73294179073369
0,284,0.49742003931075357,0.0,0.0010713751111046665,0.07286202430864594,0.07286202430864594,0.5078845550074913,0.8565382160369669,-25.955684973128452,-26.117954525962514
0,285,0.5530825600314776,0.0,0.0010832978029944318,0.15607552957102092,0.15607552957102092,0.8520898487234803,0.8168320749216313,-20.623277618284508,-20.78554717111857
0,286,0.6636284279194508,0.0,0.0012629793746925522,0.060304289333814105,0.060304289333814105,1.2129720942992404,0.95028386092538,-27.279835355223874,-27.442104908057935
0,287,0.6167916204155476,0.0,0.0018018228695093619,0.03872706747349401,0.03872706747349401,1.0163286281318604,0.9618951327341047,-30.37988658192488,-30.54215613475894
0,288,5.3898852707460705,0.0,0.055045127575042097,14.300324505755597,14.300324505755597,71.0828368356814,0.7988216967365422,11.00060456464278,10.83833501180872
0,289,4.835149443598465,24.00879898514107,0.13664556267472072,3.4966070318408002,3.4966070318408002,136.09547202871303,0.9743076901845559,1.14118050842528,0.9789109555912194
0,290,5.340270494829109,56.60563696883705,0.06384605148673961,0.7981045689444666,0.7981045689444666,159.48401977616314,0.9949957082216475,-3.174767818868661,-4.34645408156636
0,291,4.4445392441231135,0.0,0.011760161689495119,24.754617390864816,24.754617390864816,102.6744844410772,0.7589019557719718,14.503515381799932,13.878793789484098
0,292,2.920627244460634,52.09568451829919,0.021643787279890248,41.69143513003461,41.69143513003459,959.4893653992035,0.9565483093054518,-188.33460237235533,-179.28276286191056
0,293,3.460253997021083,23.133284619614656,0.06846333903411428,14.331673251684016,14.331673251684009,681.569284216906,0.9789725364925291,-153.70810361530812,-146.2760931718735
0,294,3.5312260321133753,12.358599082448354,0.1353381486156009,8.76384529380827,8.76384529380827,988.475877413508,0.9911339816235676,-265.241617465133,-257.19522378376035
0,295,3.5612657882387158,7.472289413730675,0.21221387458349916,10.712807564039304,10.712807564039307,868.5455683565403,0.987665808272662,-182.43047741578505,-174.96456830658863
